"downloaded","item_id","item_definition","category","16","17","18","19","20","21","22","23","24","25","26","27","28","29","30"
2026-03-07,1,"baa baa","sounds",0.46,0.52,0.55,0.66,0.69,0.7,0.66,0.78,0.78,0.78,0.79,0.82,0.89,0.8,0.79
2026-03-07,2,"choo choo","sounds",0.27,0.32,0.39,0.51,0.56,0.6,0.67,0.71,0.76,0.84,0.81,0.85,0.92,0.85,0.88
2026-03-07,3,"cockadoodledoo","sounds",0.13,0.1,0.14,0.22,0.22,0.29,0.31,0.37,0.43,0.45,0.49,0.53,0.7,0.54,0.58
2026-03-07,4,"grrr","sounds",0.54,0.5,0.54,0.63,0.61,0.65,0.63,0.73,0.76,0.76,0.75,0.8,0.9,0.79,0.8
2026-03-07,5,"meow","sounds",0.49,0.47,0.55,0.67,0.69,0.75,0.76,0.8,0.86,0.88,0.88,0.91,0.96,0.91,0.92
2026-03-07,6,"moo","sounds",0.54,0.52,0.62,0.73,0.73,0.77,0.8,0.84,0.87,0.88,0.88,0.91,0.95,0.92,0.91
2026-03-07,7,"ouch","sounds",0.4,0.41,0.49,0.6,0.59,0.66,0.7,0.75,0.78,0.84,0.81,0.83,0.93,0.86,0.86
2026-03-07,8,"quack quack","sounds",0.45,0.39,0.48,0.58,0.58,0.67,0.68,0.77,0.78,0.82,0.83,0.84,0.93,0.86,0.88
2026-03-07,9,"uh oh","sounds",0.76,0.69,0.78,0.87,0.84,0.88,0.85,0.87,0.89,0.9,0.89,0.92,0.97,0.91,0.87
2026-03-07,10,"vroom","sounds",0.48,0.4,0.5,0.56,0.53,0.61,0.57,0.68,0.69,0.73,0.69,0.7,0.85,0.72,0.72
2026-03-07,11,"woof woof","sounds",0.58,0.57,0.63,0.74,0.72,0.77,0.75,0.8,0.84,0.86,0.84,0.9,0.94,0.89,0.89
2026-03-07,12,"yum yum","sounds",0.55,0.45,0.55,0.58,0.55,0.61,0.59,0.68,0.73,0.73,0.73,0.74,0.86,0.79,0.78
2026-03-07,13,"alligator","animals",0.02,0.04,0.06,0.12,0.11,0.18,0.24,0.3,0.39,0.46,0.48,0.5,0.74,0.65,0.66
2026-03-07,14,"animal","animals",0.05,0.07,0.1,0.19,0.19,0.27,0.31,0.44,0.49,0.54,0.56,0.61,0.78,0.71,0.71
2026-03-07,15,"ant","animals",0.04,0.06,0.1,0.17,0.18,0.2,0.25,0.36,0.42,0.48,0.5,0.54,0.74,0.63,0.64
2026-03-07,16,"bear","animals",0.31,0.28,0.36,0.49,0.48,0.55,0.57,0.66,0.73,0.76,0.78,0.83,0.91,0.86,0.83
2026-03-07,17,"bee","animals",0.16,0.22,0.26,0.39,0.38,0.47,0.47,0.63,0.66,0.71,0.69,0.73,0.89,0.82,0.81
2026-03-07,18,"bird","animals",0.45,0.41,0.47,0.62,0.58,0.68,0.69,0.76,0.79,0.86,0.87,0.88,0.95,0.9,0.87
2026-03-07,19,"bug","animals",0.13,0.15,0.2,0.36,0.31,0.37,0.45,0.57,0.61,0.67,0.7,0.71,0.88,0.76,0.73
2026-03-07,20,"bunny","animals",0.19,0.21,0.3,0.41,0.4,0.51,0.5,0.63,0.69,0.72,0.75,0.77,0.89,0.87,0.8
2026-03-07,21,"butterfly","animals",0.07,0.1,0.14,0.22,0.23,0.32,0.41,0.52,0.58,0.65,0.67,0.69,0.86,0.82,0.81
2026-03-07,22,"cat","animals",0.41,0.42,0.46,0.6,0.61,0.64,0.72,0.79,0.82,0.85,0.88,0.91,0.94,0.93,0.9
2026-03-07,23,"chicken (animal)","animals",0.09,0.12,0.14,0.29,0.28,0.33,0.44,0.54,0.61,0.63,0.69,0.73,0.86,0.77,0.8
2026-03-07,24,"cow","animals",0.21,0.25,0.34,0.48,0.47,0.51,0.58,0.68,0.74,0.78,0.8,0.84,0.93,0.87,0.85
2026-03-07,25,"deer","animals",0.05,0.08,0.09,0.15,0.11,0.21,0.21,0.32,0.32,0.34,0.41,0.43,0.65,0.52,0.49
2026-03-07,26,"dog","animals",0.67,0.64,0.72,0.77,0.76,0.79,0.79,0.86,0.88,0.9,0.92,0.94,0.98,0.95,0.92
2026-03-07,27,"donkey","animals",0.03,0.06,0.05,0.1,0.1,0.15,0.18,0.26,0.26,0.29,0.3,0.34,0.53,0.4,0.43
2026-03-07,28,"duck","animals",0.46,0.43,0.47,0.61,0.56,0.63,0.68,0.76,0.79,0.83,0.84,0.88,0.95,0.88,0.86
2026-03-07,29,"elephant","animals",0.08,0.11,0.16,0.27,0.28,0.33,0.46,0.56,0.63,0.65,0.71,0.76,0.88,0.81,0.82
2026-03-07,30,"fish (animal)","animals",0.28,0.32,0.38,0.52,0.5,0.57,0.67,0.71,0.77,0.85,0.84,0.86,0.95,0.91,0.9
2026-03-07,31,"frog","animals",0.1,0.14,0.17,0.33,0.3,0.37,0.48,0.57,0.63,0.71,0.7,0.76,0.88,0.81,0.81
2026-03-07,32,"giraffe","animals",0.07,0.1,0.13,0.21,0.2,0.29,0.31,0.46,0.52,0.55,0.56,0.63,0.79,0.71,0.73
2026-03-07,33,"goose","animals",0.03,0.06,0.06,0.12,0.11,0.17,0.16,0.26,0.29,0.32,0.38,0.39,0.6,0.42,0.44
2026-03-07,34,"hen","animals",0.01,0.03,0.02,0.05,0.04,0.1,0.09,0.14,0.16,0.19,0.2,0.23,0.44,0.28,0.29
2026-03-07,35,"horse","animals",0.17,0.19,0.26,0.4,0.36,0.46,0.56,0.67,0.7,0.76,0.76,0.84,0.93,0.86,0.85
2026-03-07,36,"kitty","animals",0.43,0.36,0.42,0.55,0.46,0.53,0.56,0.65,0.7,0.74,0.75,0.79,0.9,0.82,0.78
2026-03-07,37,"lamb","animals",0.03,0.05,0.06,0.12,0.09,0.13,0.18,0.29,0.31,0.37,0.38,0.42,0.61,0.45,0.45
2026-03-07,38,"lion","animals",0.08,0.11,0.16,0.25,0.25,0.34,0.41,0.53,0.58,0.65,0.69,0.69,0.86,0.8,0.8
2026-03-07,39,"monkey","animals",0.11,0.18,0.23,0.36,0.36,0.43,0.54,0.64,0.69,0.78,0.78,0.81,0.92,0.86,0.89
2026-03-07,40,"moose","animals",0.02,0.07,0.05,0.09,0.08,0.11,0.13,0.23,0.24,0.26,0.27,0.29,0.49,0.38,0.41
2026-03-07,41,"mouse","animals",0.07,0.1,0.14,0.25,0.23,0.34,0.38,0.5,0.55,0.59,0.63,0.65,0.85,0.77,0.74
2026-03-07,42,"owl","animals",0.12,0.14,0.19,0.3,0.27,0.34,0.4,0.53,0.51,0.57,0.62,0.65,0.79,0.7,0.68
2026-03-07,43,"penguin","animals",0.02,0.05,0.07,0.13,0.13,0.19,0.26,0.37,0.39,0.42,0.45,0.44,0.64,0.69,0.65
2026-03-07,44,"pig","animals",0.15,0.17,0.24,0.41,0.39,0.43,0.57,0.64,0.69,0.76,0.77,0.78,0.91,0.86,0.84
2026-03-07,45,"pony","animals",0.03,0.04,0.05,0.09,0.09,0.13,0.19,0.22,0.25,0.31,0.31,0.36,0.54,0.45,0.46
2026-03-07,46,"puppy","animals",0.22,0.22,0.32,0.43,0.39,0.45,0.53,0.61,0.65,0.72,0.71,0.74,0.88,0.79,0.78
2026-03-07,47,"rooster","animals",0.02,0.03,0.03,0.06,0.08,0.11,0.13,0.23,0.25,0.31,0.33,0.4,0.57,0.42,0.44
2026-03-07,48,"sheep","animals",0.08,0.11,0.15,0.28,0.26,0.3,0.38,0.51,0.55,0.6,0.64,0.66,0.82,0.7,0.7
2026-03-07,49,"squirrel","animals",0.04,0.07,0.12,0.18,0.18,0.22,0.27,0.4,0.45,0.49,0.53,0.56,0.72,0.67,0.64
2026-03-07,50,"teddybear","animals",0.14,0.12,0.17,0.25,0.24,0.27,0.34,0.47,0.5,0.55,0.62,0.64,0.82,0.71,0.72
2026-03-07,51,"tiger","animals",0.07,0.09,0.14,0.22,0.21,0.25,0.36,0.45,0.52,0.59,0.6,0.67,0.81,0.74,0.77
2026-03-07,52,"turkey","animals",0.04,0.05,0.05,0.13,0.13,0.15,0.2,0.26,0.3,0.38,0.4,0.4,0.62,0.48,0.5
2026-03-07,53,"turtle","animals",0.1,0.13,0.17,0.31,0.29,0.34,0.43,0.57,0.59,0.67,0.66,0.68,0.84,0.8,0.79
2026-03-07,54,"wolf","animals",0.02,0.04,0.04,0.08,0.08,0.1,0.11,0.2,0.23,0.29,0.31,0.34,0.54,0.44,0.45
2026-03-07,55,"zebra","animals",0.04,0.08,0.1,0.17,0.17,0.21,0.27,0.38,0.44,0.5,0.52,0.55,0.73,0.64,0.68
2026-03-07,56,"airplane","vehicles",0.2,0.2,0.28,0.41,0.4,0.5,0.6,0.67,0.72,0.79,0.81,0.84,0.93,0.88,0.85
2026-03-07,57,"bicycle","vehicles",0.11,0.15,0.2,0.3,0.31,0.39,0.47,0.56,0.63,0.68,0.72,0.74,0.89,0.82,0.82
2026-03-07,58,"boat","vehicles",0.16,0.21,0.27,0.42,0.39,0.47,0.54,0.66,0.68,0.74,0.78,0.77,0.93,0.84,0.84
2026-03-07,59,"bus","vehicles",0.15,0.21,0.26,0.39,0.41,0.49,0.58,0.69,0.74,0.76,0.79,0.82,0.91,0.88,0.85
2026-03-07,60,"car","vehicles",0.38,0.43,0.54,0.67,0.68,0.72,0.78,0.82,0.88,0.89,0.91,0.92,0.97,0.94,0.93
2026-03-07,61,"firetruck","vehicles",0.04,0.06,0.1,0.14,0.17,0.25,0.32,0.46,0.5,0.58,0.64,0.64,0.82,0.74,0.75
2026-03-07,62,"helicopter","vehicles",0.04,0.05,0.06,0.14,0.11,0.2,0.26,0.39,0.44,0.51,0.57,0.58,0.77,0.65,0.68
2026-03-07,63,"motorcycle","vehicles",0.02,0.06,0.07,0.12,0.1,0.18,0.26,0.36,0.41,0.46,0.53,0.53,0.74,0.66,0.67
2026-03-07,64,"sled","vehicles",0.01,0.04,0.05,0.06,0.08,0.12,0.11,0.18,0.18,0.2,0.23,0.3,0.35,0.33,0.31
2026-03-07,65,"stroller","vehicles",0.06,0.07,0.12,0.18,0.18,0.22,0.26,0.41,0.46,0.52,0.54,0.59,0.79,0.62,0.68
2026-03-07,66,"tractor","vehicles",0.06,0.09,0.12,0.18,0.2,0.24,0.28,0.37,0.45,0.45,0.51,0.51,0.7,0.61,0.59
2026-03-07,67,"train","vehicles",0.12,0.17,0.23,0.35,0.41,0.45,0.57,0.67,0.75,0.78,0.81,0.8,0.93,0.87,0.88
2026-03-07,68,"tricycle","vehicles",0.01,0.02,0.03,0.04,0.07,0.07,0.11,0.16,0.18,0.24,0.25,0.27,0.45,0.31,0.35
2026-03-07,69,"truck","vehicles",0.28,0.29,0.38,0.5,0.5,0.57,0.61,0.74,0.78,0.82,0.84,0.86,0.95,0.89,0.86
2026-03-07,70,"ball","toys",0.75,0.76,0.82,0.88,0.88,0.91,0.93,0.92,0.95,0.95,0.94,0.96,0.98,0.96,0.95
2026-03-07,71,"balloon","toys",0.44,0.38,0.44,0.57,0.55,0.62,0.66,0.75,0.81,0.84,0.86,0.88,0.95,0.91,0.89
2026-03-07,72,"bat","toys",0.06,0.05,0.1,0.13,0.14,0.17,0.2,0.26,0.34,0.39,0.42,0.42,0.7,0.54,0.53
2026-03-07,73,"block","toys",0.17,0.2,0.26,0.34,0.35,0.45,0.48,0.59,0.59,0.66,0.69,0.73,0.87,0.76,0.75
2026-03-07,74,"book","toys",0.51,0.54,0.61,0.71,0.72,0.77,0.78,0.83,0.87,0.88,0.89,0.91,0.97,0.93,0.91
2026-03-07,75,"bubbles","toys",0.34,0.38,0.45,0.58,0.56,0.63,0.7,0.77,0.82,0.86,0.84,0.88,0.95,0.89,0.9
2026-03-07,76,"chalk","toys",0.02,0.03,0.05,0.09,0.1,0.15,0.19,0.28,0.32,0.35,0.4,0.45,0.61,0.52,0.55
2026-03-07,77,"crayon","toys",0.04,0.09,0.12,0.25,0.22,0.33,0.42,0.47,0.54,0.65,0.66,0.68,0.84,0.78,0.76
2026-03-07,78,"doll","toys",0.17,0.22,0.27,0.33,0.32,0.39,0.44,0.5,0.5,0.61,0.62,0.65,0.83,0.7,0.69
2026-03-07,79,"game","toys",0.01,0.02,0.06,0.09,0.09,0.15,0.22,0.27,0.32,0.39,0.44,0.47,0.71,0.61,0.66
2026-03-07,80,"glue","toys",0,0.02,0.02,0.04,0.04,0.05,0.09,0.1,0.14,0.2,0.22,0.29,0.48,0.37,0.44
2026-03-07,81,"pen","toys",0.06,0.09,0.1,0.21,0.21,0.28,0.34,0.4,0.43,0.53,0.55,0.56,0.79,0.64,0.66
2026-03-07,82,"pencil","toys",0.02,0.04,0.07,0.14,0.13,0.2,0.22,0.3,0.34,0.43,0.48,0.49,0.74,0.59,0.62
2026-03-07,83,"play dough","toys",0.01,0.03,0.05,0.08,0.1,0.16,0.22,0.29,0.36,0.4,0.44,0.52,0.64,0.61,0.62
2026-03-07,84,"present","toys",0.01,0.03,0.05,0.07,0.08,0.16,0.19,0.34,0.42,0.47,0.51,0.54,0.77,0.64,0.63
2026-03-07,85,"puzzle","toys",0.03,0.04,0.08,0.18,0.18,0.24,0.3,0.41,0.48,0.56,0.6,0.63,0.82,0.69,0.72
2026-03-07,86,"story","toys",0.03,0.05,0.09,0.16,0.15,0.21,0.28,0.38,0.47,0.51,0.55,0.58,0.78,0.69,0.74
2026-03-07,87,"toy (object)","toys",0.11,0.16,0.23,0.35,0.34,0.44,0.48,0.59,0.65,0.73,0.77,0.79,0.91,0.87,0.87
2026-03-07,88,"apple","food_drink",0.31,0.38,0.49,0.61,0.59,0.66,0.75,0.82,0.84,0.88,0.88,0.91,0.96,0.93,0.92
2026-03-07,89,"applesauce","food_drink",0.04,0.08,0.1,0.16,0.17,0.23,0.29,0.36,0.43,0.47,0.5,0.52,0.71,0.6,0.57
2026-03-07,90,"banana","food_drink",0.51,0.51,0.62,0.68,0.73,0.74,0.79,0.85,0.88,0.9,0.91,0.91,0.96,0.94,0.95
2026-03-07,91,"beans","food_drink",0.06,0.09,0.12,0.22,0.2,0.28,0.31,0.39,0.44,0.46,0.51,0.54,0.74,0.55,0.6
2026-03-07,92,"bread","food_drink",0.14,0.15,0.2,0.32,0.32,0.38,0.46,0.58,0.63,0.68,0.74,0.74,0.9,0.83,0.79
2026-03-07,93,"butter","food_drink",0.03,0.05,0.09,0.13,0.15,0.2,0.25,0.38,0.42,0.47,0.53,0.59,0.77,0.64,0.64
2026-03-07,94,"cake","food_drink",0.08,0.09,0.16,0.27,0.29,0.33,0.48,0.57,0.7,0.74,0.75,0.77,0.89,0.87,0.86
2026-03-07,95,"candy","food_drink",0.06,0.1,0.14,0.26,0.25,0.31,0.37,0.45,0.52,0.65,0.68,0.7,0.88,0.79,0.78
2026-03-07,96,"carrots","food_drink",0.05,0.09,0.12,0.21,0.23,0.3,0.33,0.47,0.52,0.59,0.61,0.65,0.82,0.75,0.76
2026-03-07,97,"cereal","food_drink",0.1,0.12,0.19,0.33,0.3,0.38,0.42,0.5,0.6,0.64,0.69,0.71,0.88,0.79,0.79
2026-03-07,98,"cheerios","food_drink",0.15,0.15,0.22,0.28,0.25,0.32,0.41,0.47,0.49,0.58,0.56,0.57,0.75,0.68,0.73
2026-03-07,99,"cheese","food_drink",0.35,0.36,0.47,0.59,0.57,0.66,0.65,0.76,0.83,0.81,0.85,0.86,0.95,0.87,0.87
2026-03-07,100,"chicken (food)","food_drink",0.08,0.1,0.15,0.28,0.27,0.37,0.46,0.51,0.58,0.66,0.68,0.7,0.88,0.83,0.79
2026-03-07,101,"chocolate","food_drink",0.02,0.06,0.08,0.12,0.17,0.22,0.26,0.41,0.48,0.52,0.57,0.63,0.78,0.73,0.76
2026-03-07,102,"coffee","food_drink",0.04,0.06,0.1,0.18,0.18,0.25,0.29,0.43,0.48,0.49,0.56,0.57,0.75,0.67,0.67
2026-03-07,103,"coke","food_drink",0.04,0.04,0.05,0.1,0.1,0.1,0.15,0.14,0.19,0.3,0.23,0.24,0.48,0.25,0.32
2026-03-07,104,"cookie","food_drink",0.36,0.31,0.41,0.55,0.59,0.6,0.7,0.74,0.81,0.86,0.86,0.89,0.96,0.91,0.93
2026-03-07,105,"corn","food_drink",0.04,0.08,0.11,0.21,0.2,0.24,0.31,0.44,0.46,0.54,0.59,0.63,0.81,0.69,0.71
2026-03-07,106,"cracker","food_drink",0.32,0.28,0.36,0.48,0.46,0.5,0.54,0.67,0.71,0.73,0.75,0.77,0.91,0.81,0.78
2026-03-07,107,"donut","food_drink",0.02,0.05,0.07,0.11,0.1,0.16,0.21,0.27,0.31,0.4,0.48,0.5,0.66,0.57,0.59
2026-03-07,108,"drink (beverage)","food_drink",0.17,0.18,0.25,0.35,0.31,0.42,0.45,0.6,0.6,0.65,0.7,0.71,0.88,0.77,0.75
2026-03-07,109,"egg","food_drink",0.1,0.17,0.19,0.33,0.31,0.43,0.47,0.61,0.64,0.68,0.73,0.75,0.88,0.83,0.79
2026-03-07,110,"fish (food)","food_drink",0.13,0.14,0.2,0.32,0.31,0.35,0.42,0.48,0.53,0.62,0.6,0.59,0.82,0.72,0.75
2026-03-07,111,"food","food_drink",0.06,0.12,0.18,0.24,0.26,0.32,0.37,0.5,0.54,0.59,0.63,0.65,0.82,0.76,0.76
2026-03-07,112,"french fries","food_drink",0.07,0.08,0.15,0.25,0.25,0.3,0.39,0.47,0.52,0.63,0.66,0.68,0.86,0.74,0.75
2026-03-07,113,"grapes","food_drink",0.08,0.14,0.2,0.3,0.29,0.39,0.41,0.59,0.61,0.68,0.7,0.73,0.88,0.78,0.79
2026-03-07,114,"green beans","food_drink",0.03,0.05,0.07,0.12,0.1,0.15,0.18,0.29,0.29,0.35,0.37,0.43,0.56,0.44,0.49
2026-03-07,115,"gum","food_drink",0.01,0.02,0.05,0.09,0.09,0.09,0.16,0.19,0.21,0.29,0.34,0.37,0.55,0.43,0.43
2026-03-07,116,"hamburger","food_drink",0.02,0.05,0.07,0.11,0.14,0.17,0.24,0.31,0.39,0.46,0.53,0.59,0.75,0.65,0.69
2026-03-07,117,"ice","food_drink",0.09,0.12,0.15,0.26,0.25,0.34,0.37,0.47,0.53,0.6,0.65,0.63,0.82,0.72,0.72
2026-03-07,118,"ice cream","food_drink",0.09,0.1,0.19,0.27,0.26,0.36,0.43,0.57,0.64,0.7,0.76,0.8,0.9,0.86,0.84
2026-03-07,119,"jello","food_drink",0.01,0.03,0.05,0.08,0.07,0.1,0.11,0.14,0.17,0.28,0.28,0.3,0.54,0.33,0.36
2026-03-07,120,"jelly","food_drink",0.02,0.02,0.04,0.09,0.09,0.1,0.15,0.22,0.25,0.34,0.39,0.39,0.67,0.47,0.49
2026-03-07,121,"juice","food_drink",0.41,0.27,0.38,0.56,0.53,0.63,0.69,0.67,0.77,0.83,0.81,0.84,0.94,0.86,0.87
2026-03-07,122,"lollipop","food_drink",0.01,0.04,0.06,0.09,0.11,0.13,0.2,0.23,0.27,0.37,0.38,0.45,0.59,0.49,0.58
2026-03-07,123,"meat","food_drink",0.04,0.06,0.08,0.14,0.12,0.22,0.2,0.28,0.37,0.39,0.44,0.48,0.65,0.56,0.55
2026-03-07,124,"melon","food_drink",0.02,0.05,0.06,0.09,0.1,0.17,0.18,0.26,0.29,0.32,0.36,0.4,0.54,0.42,0.5
2026-03-07,125,"milk","food_drink",0.35,0.37,0.48,0.63,0.59,0.68,0.66,0.76,0.81,0.84,0.85,0.89,0.95,0.92,0.89
2026-03-07,126,"muffin","food_drink",0.02,0.05,0.07,0.12,0.13,0.2,0.23,0.38,0.39,0.42,0.43,0.51,0.67,0.62,0.62
2026-03-07,127,"noodles","food_drink",0.08,0.11,0.15,0.22,0.21,0.33,0.31,0.44,0.51,0.51,0.57,0.59,0.77,0.67,0.65
2026-03-07,128,"nuts","food_drink",0.01,0.04,0.04,0.09,0.08,0.13,0.15,0.23,0.31,0.32,0.37,0.4,0.58,0.53,0.53
2026-03-07,129,"orange (food)","food_drink",0.07,0.1,0.15,0.29,0.24,0.35,0.37,0.55,0.61,0.63,0.64,0.73,0.87,0.82,0.81
2026-03-07,130,"pancake","food_drink",0.04,0.07,0.1,0.19,0.19,0.24,0.31,0.49,0.5,0.54,0.61,0.63,0.78,0.7,0.75
2026-03-07,131,"peas","food_drink",0.11,0.1,0.13,0.25,0.22,0.25,0.27,0.42,0.47,0.48,0.55,0.56,0.7,0.62,0.62
2026-03-07,132,"peanut butter","food_drink",0.03,0.07,0.09,0.17,0.16,0.23,0.28,0.43,0.46,0.47,0.57,0.59,0.79,0.66,0.66
2026-03-07,133,"pickle","food_drink",0.02,0.03,0.08,0.14,0.12,0.16,0.18,0.31,0.33,0.39,0.4,0.44,0.65,0.55,0.54
2026-03-07,134,"pizza","food_drink",0.09,0.13,0.21,0.33,0.35,0.43,0.54,0.65,0.69,0.77,0.78,0.82,0.92,0.87,0.89
2026-03-07,135,"popcorn","food_drink",0.03,0.07,0.11,0.17,0.18,0.24,0.29,0.39,0.45,0.54,0.55,0.61,0.79,0.71,0.7
2026-03-07,136,"popsicle","food_drink",0.03,0.04,0.09,0.12,0.13,0.19,0.25,0.29,0.35,0.41,0.46,0.52,0.69,0.61,0.61
2026-03-07,137,"potato chip","food_drink",0.03,0.07,0.11,0.19,0.19,0.23,0.27,0.36,0.41,0.49,0.62,0.58,0.79,0.67,0.65
2026-03-07,138,"potato","food_drink",0.03,0.06,0.07,0.14,0.17,0.2,0.26,0.39,0.4,0.45,0.48,0.53,0.73,0.66,0.63
2026-03-07,139,"pretzel","food_drink",0.03,0.06,0.07,0.14,0.12,0.17,0.2,0.27,0.32,0.42,0.37,0.43,0.71,0.49,0.54
2026-03-07,140,"pudding","food_drink",0.01,0.02,0.04,0.06,0.05,0.06,0.1,0.14,0.16,0.24,0.22,0.25,0.48,0.34,0.35
2026-03-07,141,"pumpkin","food_drink",0.03,0.06,0.07,0.15,0.15,0.19,0.23,0.34,0.38,0.44,0.43,0.52,0.7,0.6,0.63
2026-03-07,142,"raisin","food_drink",0.05,0.05,0.11,0.19,0.18,0.25,0.29,0.39,0.43,0.54,0.55,0.57,0.76,0.59,0.62
2026-03-07,143,"salt","food_drink",0,0.02,0.02,0.05,0.05,0.08,0.11,0.19,0.22,0.23,0.29,0.33,0.53,0.43,0.43
2026-03-07,144,"sandwich","food_drink",0.02,0.04,0.06,0.13,0.14,0.17,0.26,0.38,0.43,0.49,0.53,0.59,0.81,0.73,0.72
2026-03-07,145,"sauce","food_drink",0.02,0.02,0.04,0.08,0.09,0.15,0.15,0.28,0.31,0.31,0.31,0.39,0.55,0.51,0.51
2026-03-07,146,"soda/pop","food_drink",0.04,0.06,0.08,0.1,0.14,0.14,0.2,0.16,0.24,0.31,0.33,0.31,0.64,0.39,0.38
2026-03-07,147,"soup","food_drink",0.03,0.06,0.09,0.16,0.18,0.26,0.31,0.4,0.47,0.5,0.55,0.57,0.72,0.69,0.69
2026-03-07,148,"spaghetti","food_drink",0.05,0.07,0.1,0.17,0.17,0.23,0.26,0.39,0.46,0.53,0.55,0.59,0.78,0.66,0.71
2026-03-07,149,"strawberry","food_drink",0.05,0.09,0.14,0.22,0.21,0.32,0.36,0.5,0.55,0.57,0.64,0.66,0.79,0.76,0.77
2026-03-07,150,"toast","food_drink",0.1,0.12,0.17,0.23,0.23,0.31,0.31,0.47,0.52,0.51,0.58,0.62,0.79,0.65,0.64
2026-03-07,151,"tuna","food_drink",0.01,0.02,0.04,0.04,0.04,0.05,0.09,0.15,0.14,0.17,0.21,0.24,0.4,0.27,0.32
2026-03-07,152,"vanilla","food_drink",0,0.01,0.02,0.03,0.02,0.05,0.05,0.08,0.11,0.13,0.18,0.22,0.34,0.28,0.35
2026-03-07,153,"vitamins","food_drink",0.02,0.03,0.05,0.08,0.09,0.12,0.17,0.17,0.25,0.33,0.38,0.41,0.57,0.44,0.48
2026-03-07,154,"water (beverage)","food_drink",0.29,0.32,0.43,0.54,0.52,0.61,0.61,0.76,0.79,0.8,0.83,0.89,0.94,0.88,0.87
2026-03-07,155,"yogurt","food_drink",0.07,0.14,0.21,0.31,0.33,0.37,0.43,0.56,0.61,0.62,0.65,0.68,0.76,0.76,0.81
2026-03-07,156,"beads","clothing",0.04,0.05,0.06,0.09,0.09,0.11,0.11,0.16,0.2,0.22,0.22,0.25,0.44,0.29,0.33
2026-03-07,157,"belt","clothing",0.04,0.05,0.07,0.13,0.13,0.17,0.21,0.24,0.27,0.35,0.35,0.4,0.64,0.49,0.48
2026-03-07,158,"bib","clothing",0.12,0.15,0.2,0.3,0.25,0.31,0.32,0.47,0.49,0.51,0.54,0.55,0.76,0.58,0.58
2026-03-07,159,"boots","clothing",0.09,0.17,0.23,0.33,0.38,0.45,0.45,0.64,0.66,0.64,0.69,0.71,0.82,0.83,0.76
2026-03-07,160,"button","clothing",0.16,0.13,0.18,0.28,0.28,0.35,0.38,0.53,0.53,0.59,0.64,0.63,0.84,0.73,0.72
2026-03-07,161,"coat","clothing",0.09,0.12,0.18,0.29,0.29,0.37,0.38,0.53,0.59,0.58,0.64,0.67,0.79,0.71,0.67
2026-03-07,162,"diaper","clothing",0.26,0.29,0.39,0.47,0.45,0.53,0.58,0.71,0.73,0.81,0.83,0.84,0.94,0.89,0.84
2026-03-07,163,"dress (object)","clothing",0.04,0.05,0.08,0.14,0.15,0.2,0.25,0.36,0.41,0.43,0.53,0.56,0.69,0.62,0.64
2026-03-07,164,"gloves","clothing",0.01,0.04,0.05,0.09,0.11,0.11,0.18,0.3,0.34,0.34,0.45,0.43,0.6,0.59,0.56
2026-03-07,165,"hat","clothing",0.31,0.33,0.44,0.55,0.57,0.64,0.65,0.78,0.79,0.81,0.84,0.84,0.93,0.87,0.85
2026-03-07,166,"jacket","clothing",0.06,0.11,0.14,0.24,0.24,0.3,0.36,0.5,0.55,0.58,0.63,0.68,0.81,0.77,0.73
2026-03-07,167,"jeans","clothing",0.01,0.03,0.04,0.07,0.08,0.14,0.16,0.22,0.28,0.31,0.37,0.33,0.56,0.49,0.52
2026-03-07,168,"mittens","clothing",0.02,0.04,0.08,0.11,0.13,0.18,0.17,0.28,0.33,0.33,0.38,0.4,0.53,0.51,0.48
2026-03-07,169,"necklace","clothing",0.03,0.05,0.08,0.16,0.12,0.21,0.22,0.31,0.35,0.41,0.42,0.49,0.69,0.55,0.58
2026-03-07,170,"pajamas","clothing",0.05,0.1,0.14,0.22,0.23,0.32,0.37,0.54,0.58,0.63,0.7,0.72,0.84,0.81,0.82
2026-03-07,171,"pants","clothing",0.06,0.11,0.2,0.28,0.32,0.41,0.48,0.62,0.66,0.69,0.74,0.81,0.9,0.85,0.83
2026-03-07,172,"scarf","clothing",0,0.02,0.02,0.05,0.04,0.08,0.08,0.15,0.16,0.16,0.21,0.23,0.32,0.35,0.34
2026-03-07,173,"shirt","clothing",0.09,0.12,0.21,0.31,0.32,0.43,0.5,0.61,0.65,0.71,0.74,0.79,0.91,0.82,0.8
2026-03-07,174,"shoe","clothing",0.48,0.51,0.64,0.75,0.74,0.8,0.81,0.85,0.89,0.9,0.9,0.94,0.97,0.93,0.92
2026-03-07,175,"shorts","clothing",0.03,0.04,0.08,0.12,0.12,0.21,0.28,0.33,0.42,0.48,0.55,0.57,0.77,0.72,0.71
2026-03-07,176,"slipper","clothing",0.03,0.03,0.06,0.09,0.1,0.16,0.2,0.33,0.31,0.35,0.41,0.42,0.64,0.52,0.5
2026-03-07,177,"sneaker","clothing",0.01,0.02,0.03,0.06,0.08,0.1,0.14,0.17,0.18,0.26,0.29,0.3,0.45,0.34,0.36
2026-03-07,178,"snowsuit","clothing",0,0.02,0.02,0.02,0.03,0.05,0.05,0.12,0.11,0.11,0.17,0.17,0.25,0.25,0.23
2026-03-07,179,"sock","clothing",0.3,0.23,0.37,0.48,0.46,0.49,0.55,0.63,0.69,0.74,0.77,0.8,0.93,0.81,0.8
2026-03-07,180,"sweater","clothing",0.06,0.14,0.13,0.2,0.22,0.3,0.26,0.46,0.43,0.42,0.48,0.53,0.64,0.64,0.63
2026-03-07,181,"tights","clothing",0,0.02,0.02,0.03,0.05,0.04,0.08,0.12,0.13,0.15,0.18,0.23,0.3,0.25,0.27
2026-03-07,182,"underpants","clothing",0.01,0.02,0.03,0.05,0.08,0.09,0.13,0.2,0.23,0.28,0.39,0.42,0.58,0.54,0.51
2026-03-07,183,"zipper","clothing",0.03,0.05,0.08,0.19,0.19,0.23,0.29,0.4,0.46,0.49,0.54,0.58,0.73,0.65,0.65
2026-03-07,184,"ankle","body_parts",0,0.02,0.03,0.05,0.06,0.08,0.09,0.14,0.16,0.19,0.22,0.25,0.45,0.33,0.34
2026-03-07,185,"arm","body_parts",0.07,0.12,0.19,0.3,0.3,0.42,0.47,0.58,0.67,0.72,0.73,0.78,0.91,0.83,0.81
2026-03-07,186,"belly button","body_parts",0.21,0.29,0.3,0.41,0.41,0.52,0.55,0.64,0.69,0.73,0.74,0.78,0.88,0.8,0.8
2026-03-07,187,"buttocks/bottom*","body_parts",0.08,0.13,0.19,0.31,0.29,0.39,0.45,0.59,0.63,0.68,0.7,0.73,0.89,0.79,0.75
2026-03-07,188,"cheek","body_parts",0.06,0.08,0.15,0.23,0.23,0.34,0.38,0.52,0.54,0.6,0.62,0.67,0.81,0.73,0.71
2026-03-07,189,"chin","body_parts",0.04,0.06,0.11,0.22,0.21,0.28,0.33,0.47,0.51,0.53,0.6,0.65,0.8,0.72,0.67
2026-03-07,190,"ear","body_parts",0.29,0.36,0.46,0.59,0.57,0.65,0.72,0.77,0.82,0.84,0.86,0.89,0.96,0.9,0.88
2026-03-07,191,"eye","body_parts",0.42,0.41,0.54,0.66,0.65,0.71,0.78,0.83,0.87,0.9,0.88,0.93,0.97,0.93,0.91
2026-03-07,192,"face","body_parts",0.05,0.08,0.11,0.21,0.19,0.25,0.37,0.44,0.53,0.6,0.63,0.71,0.84,0.78,0.77
2026-03-07,193,"finger","body_parts",0.06,0.14,0.19,0.3,0.32,0.4,0.52,0.62,0.65,0.72,0.72,0.78,0.89,0.82,0.85
2026-03-07,194,"foot","body_parts",0.13,0.14,0.27,0.4,0.42,0.48,0.49,0.64,0.72,0.77,0.8,0.85,0.94,0.87,0.84
2026-03-07,195,"hair","body_parts",0.19,0.26,0.33,0.47,0.47,0.57,0.63,0.73,0.75,0.8,0.81,0.85,0.96,0.89,0.86
2026-03-07,196,"hand","body_parts",0.1,0.12,0.21,0.33,0.37,0.51,0.54,0.67,0.71,0.77,0.79,0.83,0.93,0.9,0.85
2026-03-07,197,"head","body_parts",0.11,0.18,0.23,0.35,0.37,0.44,0.53,0.64,0.7,0.74,0.76,0.8,0.92,0.86,0.83
2026-03-07,198,"knee","body_parts",0.1,0.12,0.18,0.26,0.27,0.36,0.42,0.56,0.59,0.66,0.7,0.72,0.84,0.76,0.75
2026-03-07,199,"leg","body_parts",0.04,0.08,0.11,0.23,0.23,0.3,0.4,0.53,0.58,0.66,0.68,0.75,0.87,0.81,0.78
2026-03-07,200,"lips","body_parts",0.02,0.06,0.07,0.13,0.13,0.2,0.26,0.36,0.39,0.46,0.51,0.54,0.73,0.67,0.65
2026-03-07,201,"mouth","body_parts",0.18,0.23,0.33,0.47,0.46,0.53,0.61,0.7,0.72,0.77,0.78,0.84,0.93,0.88,0.85
2026-03-07,202,"nose","body_parts",0.39,0.43,0.52,0.66,0.66,0.71,0.75,0.81,0.85,0.87,0.88,0.9,0.96,0.92,0.9
2026-03-07,203,"owie/boo boo","body_parts",0.27,0.3,0.37,0.45,0.51,0.58,0.62,0.71,0.72,0.79,0.79,0.8,0.92,0.82,0.79
2026-03-07,204,"penis*","body_parts",0.06,0.08,0.11,0.15,0.18,0.23,0.25,0.34,0.4,0.4,0.42,0.45,0.6,0.53,0.53
2026-03-07,205,"shoulder","body_parts",0.01,0.03,0.03,0.09,0.09,0.15,0.19,0.28,0.3,0.36,0.4,0.47,0.61,0.55,0.61
2026-03-07,206,"toe","body_parts",0.17,0.2,0.29,0.4,0.36,0.48,0.54,0.58,0.65,0.72,0.72,0.77,0.9,0.81,0.8
2026-03-07,207,"tongue","body_parts",0.06,0.14,0.16,0.25,0.22,0.34,0.42,0.5,0.51,0.61,0.59,0.65,0.81,0.73,0.74
2026-03-07,208,"tooth","body_parts",0.16,0.14,0.22,0.36,0.32,0.39,0.45,0.55,0.61,0.7,0.71,0.74,0.88,0.8,0.76
2026-03-07,209,"tummy","body_parts",0.11,0.17,0.26,0.38,0.34,0.42,0.52,0.63,0.66,0.76,0.75,0.76,0.91,0.83,0.81
2026-03-07,210,"vagina*","body_parts",0.02,0.04,0.06,0.09,0.09,0.11,0.15,0.17,0.2,0.22,0.25,0.26,0.38,0.38,0.38
2026-03-07,211,"basket","household",0.02,0.05,0.07,0.17,0.12,0.2,0.24,0.34,0.38,0.44,0.46,0.5,0.72,0.61,0.62
2026-03-07,212,"blanket","household",0.16,0.2,0.28,0.4,0.39,0.48,0.55,0.66,0.71,0.76,0.81,0.82,0.93,0.85,0.83
2026-03-07,213,"bottle","household",0.4,0.33,0.37,0.46,0.45,0.55,0.53,0.64,0.65,0.72,0.75,0.78,0.9,0.82,0.79
2026-03-07,214,"bowl","household",0.11,0.13,0.17,0.31,0.29,0.38,0.42,0.55,0.62,0.65,0.67,0.75,0.88,0.77,0.78
2026-03-07,215,"box","household",0.11,0.14,0.2,0.31,0.29,0.38,0.42,0.5,0.59,0.63,0.69,0.76,0.87,0.78,0.75
2026-03-07,216,"broom","household",0.08,0.1,0.12,0.21,0.22,0.26,0.32,0.42,0.47,0.54,0.58,0.63,0.79,0.65,0.65
2026-03-07,217,"brush","household",0.16,0.15,0.23,0.32,0.32,0.38,0.44,0.58,0.6,0.66,0.68,0.72,0.87,0.76,0.76
2026-03-07,218,"bucket","household",0.03,0.05,0.07,0.12,0.11,0.17,0.24,0.33,0.37,0.42,0.47,0.48,0.69,0.58,0.62
2026-03-07,219,"camera","household",0.02,0.03,0.05,0.1,0.12,0.18,0.25,0.31,0.35,0.47,0.48,0.53,0.71,0.58,0.67
2026-03-07,220,"can (object)","household",0.01,0.04,0.04,0.08,0.08,0.12,0.15,0.2,0.24,0.31,0.32,0.38,0.57,0.42,0.46
2026-03-07,221,"clock","household",0.12,0.11,0.18,0.27,0.26,0.31,0.35,0.46,0.48,0.57,0.59,0.59,0.8,0.66,0.68
2026-03-07,222,"comb","household",0.05,0.09,0.1,0.19,0.18,0.25,0.24,0.31,0.39,0.43,0.5,0.52,0.73,0.54,0.58
2026-03-07,223,"cup","household",0.22,0.26,0.37,0.46,0.47,0.56,0.64,0.7,0.73,0.82,0.84,0.88,0.93,0.87,0.85
2026-03-07,224,"dish","household",0.02,0.03,0.06,0.1,0.11,0.17,0.16,0.24,0.28,0.33,0.36,0.46,0.63,0.46,0.5
2026-03-07,225,"fork","household",0.07,0.13,0.18,0.32,0.33,0.4,0.46,0.62,0.66,0.71,0.75,0.78,0.9,0.79,0.78
2026-03-07,226,"garbage","household",0.03,0.06,0.09,0.15,0.16,0.24,0.25,0.4,0.45,0.46,0.51,0.57,0.67,0.67,0.67
2026-03-07,227,"glass","household",0.03,0.04,0.07,0.12,0.12,0.15,0.21,0.33,0.36,0.41,0.48,0.51,0.69,0.58,0.62
2026-03-07,228,"glasses","household",0.09,0.1,0.14,0.24,0.22,0.29,0.32,0.46,0.51,0.58,0.62,0.61,0.84,0.69,0.68
2026-03-07,229,"hammer","household",0.03,0.05,0.06,0.11,0.12,0.16,0.19,0.29,0.34,0.38,0.43,0.48,0.69,0.55,0.56
2026-03-07,230,"jar","household",0.03,0.08,0.08,0.13,0.14,0.16,0.17,0.25,0.22,0.23,0.28,0.32,0.41,0.4,0.38
2026-03-07,231,"keys","household",0.29,0.19,0.29,0.39,0.35,0.42,0.49,0.56,0.63,0.72,0.73,0.74,0.92,0.75,0.77
2026-03-07,232,"knife","household",0.01,0.03,0.06,0.11,0.13,0.18,0.23,0.37,0.41,0.43,0.55,0.55,0.76,0.65,0.66
2026-03-07,233,"lamp","household",0.02,0.04,0.04,0.07,0.08,0.13,0.15,0.24,0.25,0.29,0.32,0.38,0.54,0.45,0.51
2026-03-07,234,"light","household",0.23,0.17,0.27,0.38,0.35,0.47,0.52,0.62,0.65,0.72,0.73,0.76,0.91,0.81,0.79
2026-03-07,235,"medicine","household",0.04,0.05,0.08,0.17,0.15,0.22,0.24,0.35,0.44,0.53,0.58,0.6,0.8,0.67,0.67
2026-03-07,236,"money","household",0.05,0.06,0.09,0.2,0.2,0.26,0.28,0.34,0.45,0.54,0.58,0.61,0.84,0.69,0.68
2026-03-07,237,"mop","household",0.01,0.03,0.03,0.07,0.07,0.1,0.14,0.16,0.19,0.25,0.25,0.3,0.47,0.34,0.38
2026-03-07,238,"nail","household",0.01,0.03,0.02,0.06,0.06,0.08,0.11,0.19,0.21,0.27,0.29,0.34,0.54,0.44,0.47
2026-03-07,239,"napkin","household",0.02,0.04,0.06,0.12,0.14,0.22,0.26,0.35,0.42,0.5,0.54,0.54,0.78,0.64,0.64
2026-03-07,240,"paper","household",0.07,0.08,0.13,0.24,0.25,0.34,0.38,0.52,0.58,0.65,0.69,0.7,0.88,0.78,0.79
2026-03-07,241,"penny","household",0.01,0.03,0.04,0.08,0.08,0.11,0.15,0.18,0.22,0.32,0.35,0.37,0.61,0.35,0.4
2026-03-07,242,"picture","household",0.04,0.05,0.11,0.17,0.17,0.24,0.3,0.43,0.47,0.57,0.63,0.66,0.82,0.73,0.75
2026-03-07,243,"pillow","household",0.08,0.1,0.14,0.27,0.25,0.36,0.38,0.53,0.58,0.65,0.72,0.74,0.89,0.8,0.78
2026-03-07,244,"plant","household",0.02,0.06,0.07,0.1,0.12,0.17,0.18,0.31,0.32,0.37,0.42,0.46,0.64,0.53,0.58
2026-03-07,245,"plate","household",0.03,0.06,0.1,0.16,0.19,0.3,0.32,0.47,0.5,0.58,0.6,0.64,0.81,0.74,0.72
2026-03-07,246,"purse","household",0.05,0.07,0.09,0.17,0.15,0.2,0.26,0.32,0.37,0.45,0.49,0.53,0.73,0.54,0.6
2026-03-07,247,"radio","household",0.01,0.03,0.04,0.06,0.09,0.11,0.16,0.17,0.19,0.26,0.31,0.33,0.59,0.41,0.44
2026-03-07,248,"scissors","household",0.01,0.03,0.03,0.1,0.09,0.14,0.19,0.28,0.34,0.43,0.48,0.5,0.72,0.66,0.67
2026-03-07,249,"soap","household",0.06,0.07,0.14,0.25,0.24,0.38,0.38,0.52,0.58,0.66,0.69,0.72,0.88,0.79,0.75
2026-03-07,250,"spoon","household",0.19,0.21,0.32,0.45,0.45,0.53,0.58,0.7,0.72,0.77,0.79,0.81,0.93,0.84,0.82
2026-03-07,251,"tape","household",0.01,0.03,0.04,0.09,0.09,0.12,0.16,0.26,0.31,0.36,0.4,0.5,0.69,0.52,0.57
2026-03-07,252,"telephone","household",0.15,0.17,0.21,0.35,0.35,0.49,0.54,0.64,0.67,0.74,0.76,0.78,0.92,0.86,0.82
2026-03-07,253,"tissue/kleenex","household",0.02,0.05,0.07,0.14,0.18,0.26,0.26,0.38,0.44,0.52,0.57,0.58,0.79,0.63,0.66
2026-03-07,254,"toothbrush","household",0.12,0.13,0.22,0.35,0.32,0.41,0.46,0.63,0.64,0.71,0.75,0.75,0.91,0.8,0.8
2026-03-07,255,"towel","household",0.06,0.09,0.13,0.22,0.22,0.3,0.36,0.48,0.54,0.61,0.66,0.69,0.88,0.76,0.75
2026-03-07,256,"trash","household",0.07,0.1,0.14,0.24,0.23,0.25,0.35,0.42,0.41,0.51,0.48,0.6,0.75,0.58,0.59
2026-03-07,257,"tray","household",0,0.02,0.02,0.04,0.03,0.05,0.06,0.12,0.11,0.13,0.16,0.19,0.31,0.22,0.27
2026-03-07,258,"vacuum","household",0.06,0.07,0.12,0.19,0.19,0.28,0.3,0.38,0.44,0.51,0.56,0.6,0.77,0.67,0.65
2026-03-07,259,"walker","household",0,0.02,0.01,0.02,0.02,0.03,0.05,0.07,0.07,0.09,0.08,0.16,0.21,0.17,0.16
2026-03-07,260,"watch (object)","household",0.06,0.06,0.12,0.19,0.17,0.21,0.26,0.37,0.39,0.46,0.51,0.51,0.77,0.59,0.6
2026-03-07,261,"basement","furniture_rooms",0.01,0.02,0.02,0.02,0.04,0.06,0.08,0.14,0.14,0.15,0.2,0.24,0.28,0.25,0.22
2026-03-07,262,"bathroom","furniture_rooms",0.04,0.07,0.11,0.2,0.2,0.26,0.37,0.46,0.54,0.61,0.68,0.67,0.85,0.78,0.79
2026-03-07,263,"bathtub","furniture_rooms",0.15,0.16,0.23,0.33,0.31,0.36,0.45,0.57,0.59,0.63,0.69,0.7,0.86,0.74,0.73
2026-03-07,264,"bed","furniture_rooms",0.11,0.2,0.28,0.39,0.42,0.53,0.56,0.7,0.73,0.8,0.83,0.87,0.94,0.88,0.85
2026-03-07,265,"bedroom","furniture_rooms",0.02,0.05,0.07,0.12,0.12,0.2,0.22,0.34,0.42,0.48,0.54,0.58,0.76,0.68,0.69
2026-03-07,266,"bench","furniture_rooms",0,0.02,0.02,0.04,0.04,0.05,0.07,0.14,0.14,0.16,0.23,0.25,0.38,0.32,0.37
2026-03-07,267,"chair","furniture_rooms",0.15,0.17,0.28,0.4,0.38,0.44,0.54,0.64,0.71,0.76,0.79,0.8,0.93,0.85,0.83
2026-03-07,268,"closet","furniture_rooms",0.01,0.03,0.04,0.08,0.07,0.14,0.19,0.24,0.32,0.39,0.44,0.52,0.71,0.62,0.65
2026-03-07,269,"couch","furniture_rooms",0.02,0.05,0.1,0.17,0.17,0.25,0.3,0.42,0.48,0.54,0.58,0.64,0.81,0.7,0.69
2026-03-07,270,"crib","furniture_rooms",0.04,0.05,0.08,0.13,0.14,0.22,0.24,0.39,0.37,0.46,0.54,0.53,0.7,0.59,0.64
2026-03-07,271,"door","furniture_rooms",0.21,0.24,0.29,0.4,0.39,0.49,0.56,0.65,0.71,0.77,0.8,0.85,0.93,0.85,0.84
2026-03-07,272,"drawer","furniture_rooms",0.02,0.03,0.05,0.07,0.07,0.11,0.14,0.21,0.27,0.31,0.37,0.45,0.6,0.49,0.53
2026-03-07,273,"dryer","furniture_rooms",0.01,0.02,0.03,0.08,0.05,0.08,0.11,0.19,0.21,0.27,0.33,0.37,0.56,0.45,0.47
2026-03-07,274,"garage","furniture_rooms",0.01,0.02,0.03,0.08,0.08,0.11,0.16,0.23,0.28,0.36,0.39,0.45,0.66,0.51,0.53
2026-03-07,275,"high chair","furniture_rooms",0.05,0.08,0.13,0.17,0.15,0.22,0.25,0.37,0.38,0.41,0.49,0.49,0.68,0.56,0.58
2026-03-07,276,"kitchen","furniture_rooms",0.03,0.05,0.09,0.17,0.16,0.28,0.29,0.42,0.5,0.57,0.63,0.67,0.83,0.75,0.76
2026-03-07,277,"living room","furniture_rooms",0,0.03,0.04,0.05,0.05,0.1,0.12,0.24,0.27,0.31,0.4,0.45,0.6,0.51,0.54
2026-03-07,278,"oven","furniture_rooms",0.01,0.04,0.04,0.09,0.09,0.13,0.17,0.26,0.31,0.35,0.43,0.47,0.63,0.56,0.56
2026-03-07,279,"play pen","furniture_rooms",0.01,0.02,0.02,0.04,0.03,0.03,0.04,0.09,0.08,0.11,0.13,0.15,0.3,0.21,0.22
2026-03-07,280,"porch","furniture_rooms",0.01,0.01,0.02,0.03,0.05,0.07,0.08,0.13,0.13,0.19,0.21,0.3,0.41,0.27,0.31
2026-03-07,281,"potty","furniture_rooms",0.1,0.15,0.25,0.38,0.36,0.46,0.53,0.64,0.66,0.74,0.78,0.78,0.9,0.82,0.8
2026-03-07,282,"rocking chair","furniture_rooms",0.03,0.04,0.06,0.12,0.12,0.14,0.2,0.23,0.25,0.34,0.37,0.41,0.59,0.45,0.5
2026-03-07,283,"refrigerator","furniture_rooms",0.02,0.05,0.06,0.12,0.12,0.15,0.19,0.3,0.37,0.42,0.5,0.55,0.76,0.62,0.62
2026-03-07,284,"room","furniture_rooms",0.03,0.05,0.07,0.14,0.15,0.19,0.28,0.38,0.43,0.51,0.57,0.63,0.79,0.65,0.72
2026-03-07,285,"shower","furniture_rooms",0.04,0.07,0.1,0.19,0.2,0.26,0.32,0.44,0.48,0.56,0.6,0.62,0.8,0.71,0.71
2026-03-07,286,"sink","furniture_rooms",0.02,0.04,0.06,0.12,0.11,0.19,0.23,0.32,0.4,0.45,0.53,0.57,0.74,0.65,0.66
2026-03-07,287,"sofa","furniture_rooms",0.01,0.03,0.04,0.05,0.06,0.09,0.1,0.16,0.18,0.24,0.28,0.28,0.4,0.38,0.45
2026-03-07,288,"stairs","furniture_rooms",0.05,0.06,0.1,0.17,0.16,0.24,0.31,0.42,0.45,0.52,0.59,0.6,0.81,0.67,0.7
2026-03-07,289,"stove","furniture_rooms",0.02,0.05,0.07,0.12,0.11,0.18,0.19,0.28,0.31,0.33,0.41,0.45,0.61,0.51,0.52
2026-03-07,290,"table","furniture_rooms",0.03,0.07,0.11,0.2,0.2,0.28,0.33,0.47,0.52,0.62,0.66,0.66,0.86,0.76,0.77
2026-03-07,291,"TV","furniture_rooms",0.09,0.13,0.2,0.32,0.33,0.42,0.46,0.58,0.63,0.74,0.76,0.73,0.92,0.85,0.85
2026-03-07,292,"window","furniture_rooms",0.04,0.06,0.08,0.15,0.16,0.22,0.2,0.34,0.42,0.47,0.58,0.64,0.81,0.7,0.66
2026-03-07,293,"washing machine","furniture_rooms",0.01,0.03,0.06,0.09,0.08,0.13,0.2,0.3,0.27,0.33,0.36,0.39,0.57,0.53,0.62
2026-03-07,294,"backyard","outside",0.02,0.03,0.06,0.07,0.08,0.15,0.14,0.24,0.28,0.35,0.4,0.43,0.65,0.51,0.53
2026-03-07,295,"cloud","outside",0.03,0.05,0.08,0.13,0.15,0.21,0.26,0.37,0.42,0.48,0.49,0.56,0.73,0.66,0.69
2026-03-07,296,"flag","outside",0.02,0.04,0.06,0.12,0.09,0.15,0.18,0.24,0.3,0.39,0.43,0.41,0.65,0.51,0.55
2026-03-07,297,"flower","outside",0.18,0.22,0.27,0.43,0.4,0.49,0.54,0.66,0.69,0.78,0.77,0.84,0.92,0.86,0.86
2026-03-07,298,"garden","outside",0,0.02,0.03,0.05,0.05,0.08,0.1,0.2,0.23,0.24,0.32,0.35,0.51,0.48,0.48
2026-03-07,299,"grass","outside",0.05,0.09,0.13,0.21,0.22,0.27,0.35,0.46,0.52,0.62,0.64,0.68,0.85,0.75,0.74
2026-03-07,300,"hose","outside",0.02,0.03,0.04,0.08,0.08,0.1,0.14,0.23,0.26,0.32,0.37,0.4,0.63,0.51,0.49
2026-03-07,301,"ladder","outside",0.01,0.02,0.03,0.08,0.06,0.11,0.14,0.22,0.26,0.34,0.35,0.41,0.62,0.53,0.53
2026-03-07,302,"lawn mower","outside",0.02,0.04,0.07,0.12,0.11,0.16,0.15,0.26,0.27,0.33,0.38,0.43,0.6,0.48,0.45
2026-03-07,303,"moon","outside",0.2,0.22,0.27,0.39,0.36,0.48,0.56,0.64,0.67,0.75,0.75,0.76,0.89,0.82,0.83
2026-03-07,304,"pool","outside",0.09,0.1,0.14,0.22,0.23,0.31,0.37,0.43,0.49,0.59,0.62,0.62,0.81,0.71,0.74
2026-03-07,305,"rain","outside",0.06,0.1,0.16,0.26,0.29,0.38,0.43,0.6,0.63,0.72,0.73,0.76,0.91,0.82,0.84
2026-03-07,306,"rock","outside",0.12,0.15,0.19,0.3,0.29,0.34,0.43,0.56,0.6,0.65,0.67,0.69,0.87,0.77,0.75
2026-03-07,307,"roof","outside",0,0.02,0.02,0.04,0.04,0.06,0.09,0.14,0.18,0.2,0.27,0.29,0.49,0.42,0.45
2026-03-07,308,"sandbox","outside",0.01,0.02,0.05,0.08,0.07,0.11,0.11,0.21,0.27,0.3,0.33,0.42,0.6,0.46,0.47
2026-03-07,309,"shovel","outside",0.03,0.04,0.06,0.11,0.11,0.17,0.21,0.31,0.38,0.39,0.46,0.51,0.71,0.59,0.61
2026-03-07,310,"sidewalk","outside",0,0.03,0.03,0.06,0.06,0.08,0.13,0.19,0.25,0.3,0.36,0.39,0.59,0.5,0.53
2026-03-07,311,"sky","outside",0.06,0.08,0.12,0.21,0.21,0.29,0.32,0.41,0.47,0.54,0.59,0.65,0.78,0.67,0.72
2026-03-07,312,"slide (object)","outside",0.08,0.1,0.15,0.25,0.26,0.33,0.35,0.53,0.54,0.6,0.64,0.68,0.84,0.73,0.7
2026-03-07,313,"snow","outside",0.05,0.11,0.12,0.17,0.19,0.3,0.26,0.45,0.49,0.46,0.56,0.61,0.7,0.69,0.67
2026-03-07,314,"snowman","outside",0.01,0.04,0.04,0.08,0.09,0.15,0.18,0.27,0.32,0.36,0.43,0.45,0.59,0.61,0.6
2026-03-07,315,"sprinkler","outside",0.01,0.01,0.02,0.06,0.03,0.06,0.07,0.15,0.16,0.26,0.27,0.27,0.47,0.37,0.39
2026-03-07,316,"star","outside",0.11,0.15,0.2,0.29,0.27,0.42,0.45,0.53,0.6,0.68,0.67,0.72,0.85,0.79,0.8
2026-03-07,317,"stick","outside",0.05,0.06,0.1,0.18,0.16,0.21,0.28,0.4,0.46,0.51,0.55,0.63,0.79,0.68,0.66
2026-03-07,318,"stone","outside",0.02,0.02,0.04,0.05,0.04,0.08,0.09,0.14,0.17,0.21,0.21,0.3,0.39,0.36,0.38
2026-03-07,319,"street","outside",0.01,0.03,0.05,0.1,0.11,0.16,0.19,0.29,0.36,0.43,0.48,0.52,0.75,0.63,0.63
2026-03-07,320,"sun","outside",0.05,0.11,0.14,0.26,0.27,0.38,0.44,0.52,0.59,0.69,0.7,0.76,0.87,0.81,0.82
2026-03-07,321,"swing (object)","outside",0.13,0.16,0.2,0.3,0.3,0.36,0.4,0.55,0.59,0.65,0.69,0.7,0.87,0.74,0.74
2026-03-07,322,"tree","outside",0.21,0.2,0.3,0.42,0.4,0.55,0.54,0.69,0.73,0.76,0.79,0.85,0.93,0.87,0.84
2026-03-07,323,"water (not beverage)","outside",0.23,0.22,0.31,0.41,0.47,0.53,0.55,0.69,0.71,0.77,0.76,0.83,0.94,0.84,0.86
2026-03-07,324,"wind","outside",0.02,0.04,0.07,0.13,0.12,0.17,0.19,0.33,0.36,0.44,0.45,0.52,0.69,0.61,0.63
2026-03-07,325,"beach","places",0.04,0.05,0.07,0.1,0.12,0.18,0.25,0.29,0.32,0.39,0.45,0.52,0.67,0.58,0.65
2026-03-07,326,"camping","places",0,0.02,0.01,0.01,0.01,0.05,0.04,0.08,0.1,0.11,0.17,0.17,0.29,0.24,0.27
2026-03-07,327,"church*","places",0.03,0.05,0.09,0.15,0.15,0.16,0.21,0.22,0.25,0.37,0.37,0.41,0.53,0.4,0.42
2026-03-07,328,"circus","places",0,0.01,0.01,0.02,0.02,0.02,0.04,0.07,0.08,0.14,0.15,0.18,0.33,0.21,0.26
2026-03-07,329,"country","places",0,0.01,0.01,0.01,0.01,0.01,0.02,0.03,0.04,0.07,0.06,0.09,0.14,0.12,0.15
2026-03-07,330,"downtown","places",0,0.01,0.01,0.03,0.02,0.03,0.03,0.06,0.08,0.09,0.12,0.15,0.22,0.2,0.21
2026-03-07,331,"farm","places",0.01,0.02,0.02,0.08,0.09,0.13,0.16,0.25,0.27,0.34,0.41,0.41,0.57,0.51,0.56
2026-03-07,332,"gas station","places",0,0.02,0.02,0.03,0.04,0.04,0.08,0.11,0.17,0.21,0.27,0.3,0.5,0.44,0.46
2026-03-07,333,"home","places",0.1,0.17,0.22,0.33,0.35,0.42,0.47,0.61,0.66,0.74,0.77,0.79,0.9,0.82,0.81
2026-03-07,334,"house","places",0.07,0.11,0.17,0.27,0.25,0.35,0.4,0.49,0.57,0.63,0.69,0.7,0.84,0.81,0.8
2026-03-07,335,"movie","places",0.01,0.02,0.04,0.08,0.08,0.12,0.16,0.2,0.26,0.33,0.4,0.4,0.59,0.51,0.58
2026-03-07,336,"outside","places",0.22,0.24,0.32,0.45,0.43,0.53,0.57,0.67,0.69,0.74,0.77,0.8,0.91,0.84,0.8
2026-03-07,337,"park","places",0.07,0.1,0.18,0.26,0.27,0.33,0.43,0.52,0.59,0.65,0.69,0.71,0.84,0.79,0.83
2026-03-07,338,"party","places",0.01,0.03,0.04,0.08,0.08,0.12,0.17,0.26,0.35,0.46,0.48,0.48,0.71,0.59,0.65
2026-03-07,339,"picnic","places",0,0.02,0.03,0.05,0.04,0.05,0.08,0.14,0.19,0.23,0.31,0.34,0.48,0.44,0.46
2026-03-07,340,"playground","places",0.01,0.03,0.05,0.07,0.08,0.12,0.18,0.31,0.3,0.38,0.39,0.45,0.57,0.59,0.61
2026-03-07,341,"school","places",0.03,0.09,0.12,0.18,0.21,0.26,0.35,0.41,0.49,0.6,0.63,0.67,0.81,0.73,0.76
2026-03-07,342,"store","places",0.03,0.05,0.08,0.18,0.18,0.24,0.29,0.39,0.46,0.56,0.63,0.63,0.84,0.72,0.69
2026-03-07,343,"woods","places",0,0.02,0.01,0.03,0.02,0.04,0.04,0.07,0.09,0.11,0.14,0.19,0.26,0.23,0.24
2026-03-07,344,"work (place)","places",0.05,0.05,0.1,0.15,0.17,0.2,0.27,0.39,0.47,0.54,0.61,0.62,0.81,0.69,0.7
2026-03-07,345,"yard","places",0.01,0.03,0.04,0.07,0.07,0.1,0.13,0.19,0.23,0.3,0.36,0.41,0.57,0.47,0.48
2026-03-07,346,"zoo","places",0.02,0.07,0.08,0.13,0.11,0.21,0.22,0.26,0.33,0.42,0.44,0.51,0.68,0.55,0.56
2026-03-07,347,"aunt","people",0.06,0.08,0.12,0.17,0.17,0.2,0.27,0.37,0.42,0.46,0.49,0.54,0.7,0.6,0.59
2026-03-07,348,"baby","people",0.51,0.57,0.64,0.73,0.71,0.83,0.83,0.83,0.87,0.91,0.89,0.91,0.96,0.94,0.92
2026-03-07,349,"babysitter","people",0,0.01,0.01,0.03,0.02,0.03,0.03,0.07,0.11,0.13,0.12,0.17,0.31,0.25,0.22
2026-03-07,350,"babysitter's name","people",0.18,0.16,0.17,0.25,0.23,0.29,0.25,0.34,0.38,0.42,0.45,0.47,0.62,0.44,0.44
2026-03-07,351,"boy","people",0.06,0.11,0.16,0.25,0.24,0.28,0.35,0.43,0.49,0.56,0.63,0.65,0.82,0.75,0.75
2026-03-07,352,"brother","people",0.07,0.13,0.15,0.17,0.17,0.2,0.26,0.3,0.31,0.36,0.45,0.43,0.58,0.59,0.57
2026-03-07,353,"child","people",0.01,0.03,0.03,0.04,0.04,0.06,0.08,0.12,0.15,0.17,0.18,0.25,0.33,0.33,0.35
2026-03-07,354,"clown","people",0.02,0.03,0.05,0.08,0.08,0.12,0.11,0.13,0.2,0.27,0.29,0.32,0.61,0.35,0.42
2026-03-07,355,"cowboy","people",0,0.02,0.01,0.02,0.02,0.04,0.04,0.08,0.11,0.16,0.16,0.19,0.37,0.31,0.34
2026-03-07,356,"daddy*","people",0.92,0.89,0.91,0.92,0.89,0.93,0.9,0.93,0.95,0.93,0.96,0.94,0.98,0.95,0.92
2026-03-07,357,"doctor","people",0.03,0.04,0.09,0.16,0.16,0.23,0.25,0.33,0.4,0.52,0.55,0.61,0.76,0.71,0.73
2026-03-07,358,"fireman","people",0,0.02,0.02,0.04,0.04,0.08,0.11,0.19,0.24,0.29,0.34,0.41,0.58,0.54,0.55
2026-03-07,359,"friend","people",0.02,0.03,0.05,0.1,0.1,0.15,0.2,0.29,0.33,0.37,0.45,0.47,0.65,0.64,0.66
2026-03-07,360,"girl","people",0.06,0.09,0.12,0.23,0.22,0.28,0.34,0.39,0.44,0.5,0.58,0.59,0.78,0.69,0.69
2026-03-07,361,"grandma*","people",0.4,0.43,0.54,0.62,0.64,0.69,0.72,0.8,0.82,0.85,0.86,0.88,0.94,0.9,0.84
2026-03-07,362,"grandpa*","people",0.34,0.38,0.46,0.55,0.55,0.6,0.66,0.75,0.76,0.79,0.83,0.82,0.91,0.86,0.8
2026-03-07,363,"lady","people",0.02,0.02,0.04,0.07,0.09,0.11,0.14,0.18,0.25,0.28,0.34,0.38,0.54,0.45,0.45
2026-03-07,364,"mailman","people",0.01,0.03,0.03,0.05,0.04,0.09,0.1,0.17,0.17,0.22,0.29,0.35,0.5,0.41,0.41
2026-03-07,365,"man","people",0.05,0.06,0.07,0.14,0.13,0.18,0.24,0.29,0.36,0.41,0.47,0.5,0.7,0.59,0.6
2026-03-07,366,"mommy*","people",0.92,0.9,0.92,0.94,0.91,0.93,0.92,0.92,0.96,0.93,0.95,0.96,0.98,0.97,0.92
2026-03-07,367,"nurse","people",0.01,0.02,0.02,0.03,0.03,0.05,0.04,0.07,0.08,0.13,0.15,0.17,0.29,0.24,0.27
2026-03-07,368,"child's own name","people",0.23,0.25,0.36,0.47,0.45,0.53,0.6,0.66,0.73,0.8,0.83,0.84,0.92,0.87,0.88
2026-03-07,369,"people","people",0.02,0.04,0.06,0.11,0.08,0.12,0.18,0.28,0.3,0.32,0.39,0.44,0.6,0.53,0.56
2026-03-07,370,"person","people",0.01,0.02,0.02,0.03,0.04,0.05,0.05,0.09,0.11,0.13,0.18,0.21,0.28,0.3,0.32
2026-03-07,371,"pet's name","people",0.3,0.29,0.35,0.44,0.39,0.49,0.5,0.52,0.56,0.59,0.64,0.64,0.78,0.69,0.64
2026-03-07,372,"police","people",0,0.02,0.02,0.03,0.03,0.07,0.09,0.14,0.19,0.26,0.31,0.35,0.51,0.49,0.53
2026-03-07,373,"sister","people",0.1,0.14,0.15,0.17,0.18,0.21,0.31,0.31,0.33,0.39,0.41,0.45,0.56,0.56,0.58
2026-03-07,374,"teacher","people",0.01,0.03,0.04,0.07,0.07,0.11,0.13,0.2,0.24,0.32,0.34,0.39,0.52,0.54,0.56
2026-03-07,375,"uncle","people",0.04,0.05,0.09,0.14,0.14,0.17,0.25,0.34,0.39,0.43,0.47,0.48,0.67,0.6,0.6
2026-03-07,376,"bath","games_routines",0.35,0.4,0.47,0.59,0.57,0.63,0.66,0.79,0.79,0.81,0.83,0.86,0.95,0.86,0.83
2026-03-07,377,"breakfast","games_routines",0.05,0.08,0.1,0.18,0.18,0.26,0.31,0.44,0.48,0.55,0.61,0.63,0.8,0.74,0.71
2026-03-07,378,"bye","games_routines",0.7,0.71,0.79,0.85,0.84,0.87,0.9,0.91,0.92,0.94,0.93,0.93,0.97,0.95,0.96
2026-03-07,379,"call (on phone)","games_routines",0.1,0.11,0.16,0.24,0.25,0.33,0.38,0.48,0.53,0.59,0.65,0.68,0.78,0.73,0.73
2026-03-07,380,"dinner","games_routines",0.05,0.06,0.07,0.16,0.17,0.25,0.3,0.42,0.46,0.54,0.59,0.64,0.79,0.71,0.71
2026-03-07,381,"give me five!","games_routines",0.07,0.1,0.16,0.23,0.22,0.29,0.34,0.38,0.44,0.55,0.53,0.57,0.69,0.68,0.73
2026-03-07,382,"gonna get you!","games_routines",0.07,0.1,0.14,0.19,0.18,0.24,0.3,0.39,0.42,0.54,0.56,0.58,0.74,0.63,0.68
2026-03-07,383,"go potty","games_routines",0.06,0.11,0.16,0.25,0.27,0.33,0.43,0.53,0.57,0.66,0.68,0.75,0.86,0.79,0.78
2026-03-07,384,"hello","games_routines",0.32,0.45,0.46,0.51,0.53,0.63,0.72,0.71,0.73,0.76,0.72,0.76,0.81,0.83,0.87
2026-03-07,385,"hi","games_routines",0.64,0.56,0.65,0.75,0.69,0.76,0.73,0.79,0.85,0.87,0.91,0.92,0.96,0.91,0.89
2026-03-07,386,"lunch","games_routines",0.05,0.06,0.09,0.18,0.17,0.25,0.3,0.4,0.46,0.54,0.62,0.63,0.78,0.73,0.73
2026-03-07,387,"nap","games_routines",0.08,0.12,0.17,0.27,0.26,0.34,0.42,0.55,0.6,0.68,0.7,0.75,0.88,0.8,0.78
2026-03-07,388,"night night","games_routines",0.4,0.36,0.48,0.6,0.53,0.63,0.7,0.72,0.76,0.81,0.82,0.85,0.92,0.88,0.84
2026-03-07,389,"no","games_routines",0.63,0.64,0.72,0.79,0.8,0.84,0.9,0.85,0.9,0.93,0.94,0.94,0.97,0.95,0.95
2026-03-07,390,"pattycake","games_routines",0.07,0.09,0.12,0.19,0.16,0.24,0.24,0.31,0.31,0.43,0.42,0.45,0.67,0.49,0.52
2026-03-07,391,"peekaboo","games_routines",0.3,0.34,0.4,0.5,0.47,0.55,0.61,0.66,0.71,0.78,0.77,0.78,0.9,0.8,0.83
2026-03-07,392,"please","games_routines",0.26,0.33,0.41,0.55,0.52,0.65,0.72,0.79,0.8,0.85,0.86,0.91,0.96,0.93,0.94
2026-03-07,393,"shh/shush/hush","games_routines",0.3,0.39,0.44,0.56,0.54,0.62,0.7,0.71,0.73,0.83,0.81,0.84,0.91,0.84,0.86
2026-03-07,394,"shopping","games_routines",0.02,0.03,0.05,0.11,0.09,0.13,0.19,0.28,0.34,0.41,0.46,0.52,0.7,0.61,0.62
2026-03-07,395,"snack","games_routines",0.06,0.13,0.19,0.25,0.24,0.32,0.42,0.51,0.55,0.59,0.63,0.7,0.78,0.74,0.77
2026-03-07,396,"so big!","games_routines",0.06,0.07,0.11,0.13,0.15,0.2,0.22,0.32,0.38,0.44,0.49,0.49,0.6,0.59,0.6
2026-03-07,397,"thank you","games_routines",0.36,0.36,0.47,0.61,0.56,0.65,0.74,0.78,0.8,0.88,0.86,0.9,0.95,0.94,0.95
2026-03-07,398,"this little piggy","games_routines",0.03,0.04,0.06,0.13,0.1,0.14,0.17,0.26,0.31,0.39,0.4,0.41,0.64,0.5,0.53
2026-03-07,399,"turn around","games_routines",0.02,0.05,0.05,0.11,0.11,0.15,0.18,0.3,0.36,0.43,0.45,0.52,0.68,0.59,0.63
2026-03-07,400,"yes","games_routines",0.35,0.4,0.47,0.6,0.58,0.72,0.75,0.79,0.83,0.87,0.9,0.9,0.95,0.94,0.92
2026-03-07,401,"bite","action_words",0.13,0.13,0.19,0.31,0.28,0.34,0.43,0.5,0.56,0.65,0.66,0.7,0.87,0.75,0.75
2026-03-07,402,"blow","action_words",0.07,0.07,0.1,0.21,0.19,0.26,0.29,0.4,0.48,0.58,0.57,0.63,0.82,0.68,0.68
2026-03-07,403,"break","action_words",0.02,0.03,0.05,0.11,0.13,0.17,0.26,0.35,0.42,0.49,0.55,0.56,0.8,0.68,0.71
2026-03-07,404,"bring","action_words",0.02,0.03,0.05,0.08,0.1,0.13,0.16,0.29,0.32,0.38,0.41,0.49,0.65,0.59,0.6
2026-03-07,405,"build","action_words",0.01,0.03,0.02,0.07,0.05,0.11,0.15,0.24,0.29,0.36,0.44,0.47,0.62,0.59,0.61
2026-03-07,406,"bump","action_words",0.05,0.05,0.1,0.14,0.13,0.16,0.2,0.31,0.34,0.39,0.47,0.43,0.66,0.57,0.57
2026-03-07,407,"buy","action_words",0.01,0.03,0.03,0.06,0.05,0.08,0.11,0.19,0.22,0.28,0.33,0.42,0.59,0.54,0.58
2026-03-07,408,"carry","action_words",0.01,0.04,0.04,0.11,0.1,0.17,0.22,0.33,0.39,0.46,0.54,0.57,0.72,0.68,0.65
2026-03-07,409,"catch","action_words",0.02,0.04,0.07,0.11,0.12,0.17,0.23,0.31,0.38,0.48,0.54,0.56,0.75,0.69,0.7
2026-03-07,410,"chase","action_words",0.01,0.02,0.04,0.08,0.06,0.1,0.12,0.21,0.27,0.31,0.33,0.37,0.57,0.48,0.52
2026-03-07,411,"clap","action_words",0.06,0.13,0.17,0.26,0.27,0.32,0.38,0.48,0.52,0.61,0.63,0.65,0.79,0.75,0.73
2026-03-07,412,"clean (action)","action_words",0.03,0.06,0.1,0.19,0.2,0.28,0.35,0.43,0.51,0.58,0.63,0.65,0.83,0.74,0.77
2026-03-07,413,"climb","action_words",0.02,0.04,0.06,0.11,0.11,0.16,0.24,0.33,0.39,0.47,0.5,0.53,0.72,0.63,0.67
2026-03-07,414,"close","action_words",0.06,0.06,0.11,0.16,0.17,0.23,0.29,0.4,0.48,0.55,0.56,0.6,0.8,0.71,0.74
2026-03-07,415,"cook","action_words",0.02,0.05,0.06,0.15,0.13,0.2,0.28,0.33,0.41,0.51,0.54,0.56,0.74,0.66,0.68
2026-03-07,416,"cover","action_words",0.01,0.02,0.02,0.05,0.04,0.08,0.1,0.17,0.21,0.27,0.3,0.35,0.57,0.5,0.48
2026-03-07,417,"cry","action_words",0.04,0.05,0.11,0.18,0.23,0.29,0.38,0.47,0.52,0.66,0.69,0.7,0.88,0.81,0.8
2026-03-07,418,"cut","action_words",0,0.02,0.03,0.07,0.08,0.12,0.17,0.24,0.31,0.38,0.45,0.5,0.68,0.61,0.62
2026-03-07,419,"dance","action_words",0.07,0.11,0.15,0.24,0.23,0.33,0.37,0.52,0.53,0.62,0.65,0.69,0.82,0.78,0.78
2026-03-07,420,"draw","action_words",0.02,0.05,0.05,0.14,0.12,0.2,0.25,0.35,0.39,0.48,0.5,0.59,0.73,0.67,0.66
2026-03-07,421,"drink (action)","action_words",0.15,0.13,0.22,0.33,0.29,0.42,0.42,0.55,0.61,0.71,0.71,0.73,0.89,0.8,0.79
2026-03-07,422,"drive","action_words",0.02,0.04,0.05,0.13,0.1,0.19,0.21,0.36,0.4,0.49,0.51,0.56,0.78,0.67,0.67
2026-03-07,423,"drop","action_words",0.02,0.04,0.05,0.11,0.1,0.11,0.19,0.29,0.35,0.42,0.46,0.51,0.7,0.61,0.63
2026-03-07,424,"dry (action)","action_words",0.01,0.03,0.05,0.08,0.08,0.12,0.14,0.26,0.28,0.34,0.39,0.47,0.67,0.57,0.56
2026-03-07,425,"dump","action_words",0.01,0.02,0.02,0.05,0.06,0.07,0.1,0.17,0.21,0.24,0.26,0.32,0.44,0.42,0.39
2026-03-07,426,"eat","action_words",0.17,0.21,0.33,0.46,0.42,0.52,0.63,0.68,0.73,0.8,0.81,0.85,0.94,0.89,0.86
2026-03-07,427,"fall","action_words",0.04,0.06,0.09,0.18,0.2,0.25,0.36,0.47,0.55,0.63,0.7,0.7,0.86,0.78,0.76
2026-03-07,428,"feed","action_words",0.01,0.03,0.04,0.08,0.08,0.13,0.14,0.25,0.28,0.34,0.4,0.47,0.66,0.53,0.57
2026-03-07,429,"find","action_words",0.01,0.03,0.04,0.1,0.09,0.17,0.2,0.33,0.37,0.45,0.48,0.55,0.76,0.68,0.68
2026-03-07,430,"finish","action_words",0.01,0.03,0.05,0.08,0.09,0.09,0.16,0.26,0.27,0.33,0.38,0.39,0.56,0.56,0.61
2026-03-07,431,"fit","action_words",0,0.02,0.02,0.06,0.02,0.05,0.08,0.15,0.21,0.24,0.3,0.33,0.51,0.44,0.5
2026-03-07,432,"fix","action_words",0.01,0.03,0.05,0.13,0.12,0.18,0.24,0.35,0.41,0.5,0.54,0.6,0.79,0.66,0.7
2026-03-07,433,"get","action_words",0.06,0.06,0.1,0.19,0.17,0.24,0.33,0.39,0.46,0.57,0.58,0.62,0.82,0.73,0.73
2026-03-07,434,"give","action_words",0.03,0.05,0.06,0.09,0.11,0.16,0.21,0.31,0.37,0.46,0.5,0.55,0.75,0.69,0.7
2026-03-07,435,"go","action_words",0.24,0.28,0.36,0.49,0.5,0.58,0.69,0.68,0.75,0.82,0.82,0.84,0.93,0.89,0.89
2026-03-07,436,"hate","action_words",0,0.02,0.01,0.01,0.01,0.01,0.02,0.05,0.04,0.07,0.1,0.14,0.2,0.18,0.18
2026-03-07,437,"have","action_words",0.01,0.03,0.04,0.09,0.09,0.15,0.19,0.3,0.36,0.42,0.48,0.54,0.72,0.64,0.67
2026-03-07,438,"hear","action_words",0.01,0.03,0.03,0.08,0.07,0.1,0.16,0.23,0.3,0.36,0.41,0.45,0.64,0.6,0.62
2026-03-07,439,"help","action_words",0.07,0.11,0.19,0.26,0.28,0.36,0.44,0.56,0.6,0.68,0.72,0.74,0.88,0.83,0.82
2026-03-07,440,"hide","action_words",0.01,0.03,0.05,0.12,0.11,0.19,0.25,0.36,0.41,0.5,0.52,0.56,0.75,0.69,0.69
2026-03-07,441,"hit","action_words",0.03,0.04,0.07,0.12,0.13,0.17,0.29,0.39,0.42,0.55,0.57,0.63,0.8,0.71,0.73
2026-03-07,442,"hold","action_words",0.02,0.03,0.06,0.14,0.12,0.18,0.23,0.36,0.4,0.46,0.53,0.57,0.78,0.66,0.66
2026-03-07,443,"hug","action_words",0.11,0.15,0.22,0.31,0.34,0.39,0.46,0.61,0.63,0.71,0.73,0.78,0.89,0.84,0.82
2026-03-07,444,"hurry","action_words",0.02,0.02,0.03,0.07,0.06,0.09,0.15,0.16,0.23,0.33,0.35,0.38,0.62,0.52,0.56
2026-03-07,445,"jump","action_words",0.05,0.08,0.13,0.24,0.23,0.29,0.43,0.55,0.59,0.68,0.69,0.7,0.86,0.81,0.83
2026-03-07,446,"kick","action_words",0.05,0.06,0.09,0.19,0.17,0.21,0.29,0.38,0.45,0.54,0.55,0.61,0.77,0.72,0.72
2026-03-07,447,"kiss","action_words",0.12,0.21,0.25,0.36,0.34,0.45,0.52,0.61,0.67,0.75,0.77,0.82,0.91,0.88,0.85
2026-03-07,448,"knock","action_words",0.03,0.06,0.08,0.13,0.13,0.16,0.25,0.31,0.37,0.43,0.47,0.51,0.69,0.6,0.61
2026-03-07,449,"lick","action_words",0.01,0.02,0.02,0.07,0.05,0.08,0.15,0.21,0.26,0.3,0.35,0.43,0.6,0.54,0.56
2026-03-07,450,"like","action_words",0.01,0.02,0.03,0.1,0.09,0.12,0.18,0.3,0.36,0.41,0.5,0.57,0.74,0.68,0.71
2026-03-07,451,"listen","action_words",0.01,0.03,0.03,0.06,0.07,0.08,0.15,0.2,0.25,0.32,0.32,0.42,0.56,0.54,0.58
2026-03-07,452,"look","action_words",0.06,0.07,0.1,0.19,0.17,0.2,0.33,0.4,0.49,0.6,0.63,0.67,0.83,0.78,0.79
2026-03-07,453,"love","action_words",0.09,0.11,0.14,0.26,0.27,0.33,0.4,0.47,0.54,0.64,0.67,0.71,0.85,0.8,0.8
2026-03-07,454,"make","action_words",0,0.02,0.01,0.05,0.06,0.1,0.15,0.21,0.28,0.36,0.4,0.48,0.7,0.59,0.62
2026-03-07,455,"open","action_words",0.11,0.15,0.19,0.31,0.31,0.4,0.48,0.57,0.64,0.73,0.74,0.77,0.89,0.84,0.83
2026-03-07,456,"paint","action_words",0.01,0.03,0.04,0.07,0.09,0.16,0.18,0.29,0.33,0.39,0.43,0.52,0.7,0.65,0.65
2026-03-07,457,"pick","action_words",0.01,0.02,0.03,0.07,0.06,0.09,0.12,0.17,0.22,0.3,0.32,0.4,0.54,0.53,0.56
2026-03-07,458,"play","action_words",0.06,0.08,0.15,0.22,0.25,0.34,0.42,0.56,0.6,0.68,0.71,0.77,0.88,0.83,0.85
2026-03-07,459,"pour","action_words",0,0.03,0.02,0.05,0.04,0.08,0.12,0.18,0.22,0.27,0.32,0.41,0.57,0.47,0.48
2026-03-07,460,"pretend","action_words",0,0.01,0.01,0.03,0.02,0.02,0.05,0.09,0.11,0.16,0.18,0.26,0.38,0.38,0.41
2026-03-07,461,"pull","action_words",0.02,0.04,0.05,0.1,0.09,0.16,0.22,0.28,0.33,0.42,0.45,0.53,0.69,0.6,0.61
2026-03-07,462,"push","action_words",0.04,0.06,0.09,0.16,0.17,0.24,0.29,0.4,0.46,0.55,0.54,0.61,0.78,0.72,0.73
2026-03-07,463,"put","action_words",0.01,0.03,0.03,0.09,0.07,0.13,0.15,0.25,0.3,0.38,0.42,0.47,0.65,0.58,0.62
2026-03-07,464,"read","action_words",0.09,0.11,0.15,0.24,0.24,0.32,0.38,0.52,0.56,0.65,0.68,0.7,0.88,0.79,0.75
2026-03-07,465,"ride","action_words",0.03,0.04,0.08,0.15,0.15,0.22,0.27,0.37,0.43,0.53,0.55,0.58,0.82,0.7,0.66
2026-03-07,466,"rip","action_words",0,0.02,0.02,0.04,0.04,0.04,0.07,0.13,0.14,0.15,0.22,0.27,0.38,0.37,0.36
2026-03-07,467,"run","action_words",0.03,0.04,0.11,0.19,0.19,0.25,0.38,0.48,0.53,0.64,0.66,0.67,0.83,0.76,0.78
2026-03-07,468,"say","action_words",0.02,0.03,0.04,0.09,0.08,0.12,0.14,0.22,0.28,0.33,0.4,0.47,0.63,0.58,0.6
2026-03-07,469,"see","action_words",0.1,0.1,0.14,0.25,0.25,0.3,0.41,0.46,0.54,0.64,0.67,0.73,0.83,0.76,0.76
2026-03-07,470,"shake","action_words",0.02,0.03,0.06,0.11,0.09,0.15,0.19,0.26,0.3,0.35,0.39,0.46,0.59,0.56,0.56
2026-03-07,471,"share","action_words",0.01,0.03,0.03,0.07,0.08,0.14,0.2,0.28,0.33,0.41,0.44,0.52,0.68,0.6,0.65
2026-03-07,472,"show","action_words",0.01,0.02,0.03,0.05,0.06,0.12,0.14,0.22,0.27,0.33,0.37,0.45,0.61,0.55,0.58
2026-03-07,473,"sing","action_words",0.03,0.05,0.07,0.14,0.14,0.22,0.29,0.39,0.46,0.56,0.6,0.62,0.79,0.7,0.73
2026-03-07,474,"sit","action_words",0.1,0.14,0.2,0.34,0.31,0.4,0.5,0.58,0.63,0.71,0.71,0.72,0.88,0.79,0.78
2026-03-07,475,"skate","action_words",0,0.01,0.01,0.03,0.03,0.03,0.05,0.09,0.11,0.13,0.14,0.21,0.39,0.28,0.35
2026-03-07,476,"sleep","action_words",0.05,0.06,0.13,0.22,0.25,0.31,0.4,0.53,0.59,0.67,0.69,0.78,0.87,0.84,0.81
2026-03-07,477,"slide (action)","action_words",0.05,0.06,0.1,0.15,0.16,0.26,0.26,0.4,0.43,0.52,0.55,0.55,0.76,0.64,0.64
2026-03-07,478,"smile","action_words",0.01,0.03,0.04,0.09,0.09,0.14,0.18,0.26,0.3,0.39,0.43,0.47,0.64,0.61,0.63
2026-03-07,479,"spill","action_words",0.01,0.03,0.02,0.06,0.07,0.13,0.16,0.23,0.28,0.36,0.42,0.47,0.66,0.59,0.59
2026-03-07,480,"splash","action_words",0.04,0.06,0.08,0.14,0.14,0.14,0.24,0.33,0.39,0.43,0.51,0.53,0.71,0.64,0.65
2026-03-07,481,"stand","action_words",0.01,0.03,0.05,0.08,0.1,0.17,0.19,0.29,0.34,0.39,0.46,0.53,0.68,0.64,0.62
2026-03-07,482,"stay","action_words",0.01,0.03,0.05,0.08,0.08,0.11,0.16,0.3,0.32,0.39,0.44,0.49,0.68,0.58,0.64
2026-03-07,483,"stop","action_words",0.09,0.09,0.17,0.23,0.27,0.36,0.43,0.54,0.59,0.69,0.7,0.74,0.88,0.81,0.83
2026-03-07,484,"sweep","action_words",0.02,0.04,0.05,0.09,0.11,0.14,0.2,0.28,0.32,0.38,0.4,0.46,0.66,0.57,0.55
2026-03-07,485,"swim","action_words",0.03,0.06,0.09,0.14,0.14,0.22,0.28,0.39,0.44,0.54,0.57,0.57,0.77,0.7,0.74
2026-03-07,486,"swing (action)","action_words",0.09,0.09,0.14,0.23,0.23,0.29,0.32,0.45,0.48,0.58,0.59,0.58,0.82,0.68,0.7
2026-03-07,487,"take","action_words",0.01,0.02,0.03,0.06,0.08,0.1,0.14,0.24,0.3,0.36,0.4,0.46,0.65,0.62,0.62
2026-03-07,488,"talk","action_words",0.01,0.03,0.05,0.1,0.1,0.12,0.18,0.27,0.33,0.42,0.45,0.51,0.72,0.66,0.66
2026-03-07,489,"taste","action_words",0.01,0.02,0.02,0.06,0.06,0.08,0.13,0.19,0.21,0.28,0.32,0.39,0.57,0.48,0.52
2026-03-07,490,"tear","action_words",0,0.02,0.02,0.03,0.03,0.03,0.07,0.09,0.14,0.17,0.19,0.27,0.41,0.36,0.36
2026-03-07,491,"think","action_words",0,0.02,0.02,0.02,0.02,0.02,0.07,0.1,0.11,0.16,0.2,0.25,0.4,0.37,0.42
2026-03-07,492,"throw","action_words",0.03,0.06,0.09,0.14,0.13,0.21,0.23,0.39,0.45,0.54,0.56,0.58,0.8,0.69,0.7
2026-03-07,493,"tickle","action_words",0.12,0.1,0.18,0.25,0.22,0.24,0.34,0.47,0.5,0.61,0.62,0.62,0.82,0.73,0.72
2026-03-07,494,"touch","action_words",0.03,0.04,0.05,0.12,0.12,0.14,0.2,0.31,0.34,0.42,0.43,0.53,0.71,0.65,0.68
2026-03-07,495,"wait","action_words",0.02,0.03,0.06,0.11,0.12,0.14,0.21,0.31,0.35,0.44,0.43,0.55,0.69,0.65,0.69
2026-03-07,496,"wake","action_words",0,0.02,0.02,0.07,0.05,0.13,0.15,0.23,0.29,0.36,0.43,0.46,0.67,0.59,0.61
2026-03-07,497,"walk","action_words",0.08,0.11,0.17,0.28,0.27,0.33,0.41,0.53,0.58,0.66,0.66,0.67,0.86,0.76,0.75
2026-03-07,498,"wash","action_words",0.04,0.06,0.1,0.19,0.21,0.26,0.33,0.44,0.51,0.61,0.61,0.63,0.84,0.7,0.73
2026-03-07,499,"watch (action)","action_words",0.03,0.02,0.05,0.1,0.1,0.17,0.19,0.31,0.35,0.4,0.45,0.52,0.71,0.63,0.65
2026-03-07,500,"wipe","action_words",0.03,0.06,0.05,0.13,0.11,0.2,0.22,0.33,0.39,0.43,0.47,0.5,0.7,0.65,0.63
2026-03-07,501,"wish","action_words",0,0.02,0.01,0.02,0.02,0.02,0.02,0.05,0.06,0.09,0.11,0.16,0.24,0.23,0.27
2026-03-07,502,"work (action)","action_words",0.04,0.03,0.06,0.12,0.13,0.17,0.21,0.34,0.38,0.44,0.51,0.51,0.76,0.59,0.64
2026-03-07,503,"write","action_words",0.01,0.02,0.03,0.08,0.07,0.14,0.16,0.21,0.24,0.36,0.31,0.42,0.6,0.51,0.51
2026-03-07,504,"all gone","descriptive_words",0.31,0.34,0.42,0.54,0.49,0.63,0.62,0.73,0.76,0.77,0.77,0.8,0.92,0.82,0.78
2026-03-07,505,"asleep","descriptive_words",0.03,0.04,0.08,0.16,0.16,0.24,0.25,0.4,0.46,0.53,0.56,0.56,0.76,0.67,0.68
2026-03-07,506,"awake","descriptive_words",0.01,0.03,0.04,0.1,0.08,0.17,0.18,0.33,0.35,0.43,0.47,0.55,0.71,0.65,0.67
2026-03-07,507,"bad","descriptive_words",0.06,0.09,0.1,0.14,0.16,0.22,0.27,0.34,0.4,0.49,0.52,0.59,0.73,0.65,0.68
2026-03-07,508,"better","descriptive_words",0.01,0.03,0.04,0.08,0.07,0.11,0.17,0.23,0.27,0.32,0.39,0.47,0.61,0.53,0.58
2026-03-07,509,"big","descriptive_words",0.08,0.1,0.15,0.22,0.28,0.36,0.42,0.55,0.61,0.68,0.72,0.76,0.88,0.82,0.79
2026-03-07,510,"black","descriptive_words",0.02,0.04,0.06,0.11,0.12,0.16,0.25,0.34,0.39,0.45,0.48,0.52,0.7,0.67,0.69
2026-03-07,511,"blue","descriptive_words",0.08,0.12,0.17,0.27,0.28,0.34,0.42,0.57,0.61,0.68,0.68,0.73,0.85,0.81,0.82
2026-03-07,512,"broken","descriptive_words",0.04,0.04,0.08,0.16,0.18,0.27,0.32,0.48,0.54,0.6,0.66,0.67,0.86,0.77,0.78
2026-03-07,513,"brown","descriptive_words",0.01,0.03,0.03,0.1,0.09,0.13,0.19,0.29,0.34,0.39,0.43,0.47,0.64,0.6,0.64
2026-03-07,514,"careful","descriptive_words",0.02,0.03,0.06,0.11,0.11,0.16,0.2,0.3,0.32,0.43,0.43,0.5,0.7,0.61,0.65
2026-03-07,515,"clean (description)","descriptive_words",0.03,0.05,0.11,0.2,0.19,0.28,0.33,0.44,0.51,0.58,0.63,0.62,0.81,0.74,0.77
2026-03-07,516,"cold","descriptive_words",0.13,0.15,0.25,0.34,0.36,0.45,0.5,0.62,0.68,0.74,0.78,0.75,0.92,0.84,0.83
2026-03-07,517,"cute","descriptive_words",0.03,0.05,0.07,0.09,0.12,0.17,0.2,0.3,0.31,0.33,0.41,0.43,0.59,0.56,0.57
2026-03-07,518,"dark","descriptive_words",0.02,0.03,0.06,0.09,0.1,0.14,0.18,0.29,0.38,0.44,0.45,0.5,0.71,0.64,0.62
2026-03-07,519,"dirty","descriptive_words",0.09,0.1,0.15,0.25,0.29,0.39,0.39,0.52,0.59,0.67,0.69,0.72,0.87,0.8,0.8
2026-03-07,520,"dry (description)","descriptive_words",0.02,0.03,0.05,0.1,0.08,0.13,0.16,0.29,0.32,0.36,0.42,0.47,0.71,0.6,0.6
2026-03-07,521,"empty","descriptive_words",0.03,0.03,0.07,0.13,0.13,0.19,0.2,0.3,0.36,0.42,0.43,0.51,0.65,0.58,0.61
2026-03-07,522,"fast","descriptive_words",0.02,0.04,0.05,0.08,0.1,0.16,0.2,0.35,0.4,0.44,0.51,0.56,0.72,0.68,0.69
2026-03-07,523,"fine","descriptive_words",0.01,0.02,0.02,0.02,0.03,0.04,0.06,0.11,0.14,0.18,0.2,0.28,0.38,0.33,0.37
2026-03-07,524,"first","descriptive_words",0,0.02,0.02,0.04,0.04,0.05,0.1,0.15,0.17,0.24,0.28,0.37,0.52,0.5,0.51
2026-03-07,525,"full","descriptive_words",0.01,0.02,0.04,0.07,0.08,0.12,0.14,0.22,0.27,0.31,0.37,0.46,0.64,0.56,0.6
2026-03-07,526,"gentle","descriptive_words",0.04,0.07,0.1,0.13,0.11,0.16,0.19,0.29,0.32,0.37,0.37,0.42,0.54,0.51,0.54
2026-03-07,527,"good","descriptive_words",0.08,0.11,0.14,0.19,0.2,0.25,0.3,0.41,0.47,0.55,0.6,0.64,0.81,0.76,0.73
2026-03-07,528,"green","descriptive_words",0.03,0.08,0.1,0.19,0.17,0.27,0.31,0.47,0.49,0.56,0.57,0.63,0.79,0.76,0.76
2026-03-07,529,"happy","descriptive_words",0.07,0.1,0.14,0.21,0.25,0.3,0.34,0.46,0.5,0.58,0.59,0.67,0.77,0.74,0.77
2026-03-07,530,"hard","descriptive_words",0.01,0.02,0.03,0.06,0.05,0.08,0.11,0.2,0.24,0.29,0.32,0.38,0.59,0.56,0.54
2026-03-07,531,"heavy","descriptive_words",0.02,0.05,0.05,0.12,0.15,0.18,0.26,0.36,0.43,0.49,0.53,0.61,0.78,0.73,0.71
2026-03-07,532,"high","descriptive_words",0.01,0.03,0.04,0.08,0.07,0.14,0.17,0.27,0.32,0.39,0.41,0.48,0.66,0.61,0.62
2026-03-07,533,"hot","descriptive_words",0.41,0.33,0.44,0.58,0.54,0.64,0.63,0.71,0.75,0.82,0.82,0.8,0.94,0.88,0.84
2026-03-07,534,"hungry","descriptive_words",0.04,0.07,0.11,0.17,0.17,0.22,0.29,0.39,0.46,0.52,0.54,0.66,0.8,0.75,0.75
2026-03-07,535,"hurt","descriptive_words",0.03,0.05,0.08,0.14,0.17,0.19,0.24,0.39,0.44,0.54,0.55,0.59,0.79,0.68,0.7
2026-03-07,536,"last","descriptive_words",0,0.02,0.02,0.03,0.02,0.03,0.05,0.09,0.09,0.11,0.15,0.19,0.32,0.31,0.34
2026-03-07,537,"little (description)","descriptive_words",0.01,0.04,0.04,0.09,0.1,0.15,0.2,0.32,0.38,0.48,0.51,0.54,0.76,0.68,0.7
2026-03-07,538,"long","descriptive_words",0,0.02,0.01,0.03,0.02,0.04,0.05,0.11,0.14,0.17,0.21,0.26,0.43,0.42,0.47
2026-03-07,539,"loud","descriptive_words",0.01,0.03,0.04,0.08,0.08,0.12,0.16,0.31,0.34,0.39,0.49,0.53,0.66,0.63,0.67
2026-03-07,540,"mad","descriptive_words",0,0.02,0.03,0.04,0.05,0.06,0.11,0.17,0.23,0.28,0.3,0.42,0.56,0.52,0.53
2026-03-07,541,"naughty","descriptive_words",0.01,0.02,0.04,0.04,0.04,0.04,0.04,0.08,0.14,0.15,0.17,0.19,0.29,0.29,0.26
2026-03-07,542,"new","descriptive_words",0.01,0.02,0.03,0.05,0.05,0.1,0.09,0.19,0.22,0.27,0.33,0.35,0.55,0.51,0.51
2026-03-07,543,"nice","descriptive_words",0.07,0.05,0.09,0.17,0.18,0.25,0.26,0.35,0.38,0.44,0.49,0.53,0.71,0.64,0.66
2026-03-07,544,"noisy","descriptive_words",0.01,0.03,0.03,0.07,0.06,0.09,0.12,0.2,0.23,0.25,0.33,0.38,0.53,0.51,0.5
2026-03-07,545,"old","descriptive_words",0,0.03,0.02,0.04,0.03,0.06,0.07,0.12,0.16,0.18,0.22,0.29,0.46,0.42,0.43
2026-03-07,546,"orange (description)","descriptive_words",0.03,0.06,0.07,0.19,0.18,0.28,0.32,0.44,0.49,0.57,0.57,0.66,0.79,0.76,0.75
2026-03-07,547,"poor","descriptive_words",0,0.02,0.01,0.02,0.01,0.02,0.03,0.05,0.06,0.09,0.11,0.12,0.24,0.22,0.22
2026-03-07,548,"pretty","descriptive_words",0.1,0.1,0.1,0.21,0.19,0.24,0.31,0.35,0.38,0.46,0.48,0.48,0.73,0.61,0.64
2026-03-07,549,"quiet","descriptive_words",0.01,0.03,0.04,0.06,0.07,0.13,0.16,0.26,0.33,0.36,0.41,0.44,0.65,0.59,0.63
2026-03-07,550,"red","descriptive_words",0.05,0.09,0.1,0.19,0.2,0.29,0.34,0.49,0.51,0.6,0.63,0.66,0.8,0.77,0.77
2026-03-07,551,"sad","descriptive_words",0.01,0.03,0.04,0.09,0.09,0.15,0.19,0.32,0.37,0.41,0.45,0.52,0.69,0.64,0.66
2026-03-07,552,"scared","descriptive_words",0.01,0.02,0.03,0.05,0.06,0.1,0.14,0.26,0.3,0.35,0.42,0.51,0.71,0.61,0.66
2026-03-07,553,"sick","descriptive_words",0.01,0.03,0.03,0.07,0.07,0.12,0.15,0.23,0.28,0.36,0.39,0.49,0.69,0.59,0.63
2026-03-07,554,"sleepy","descriptive_words",0.04,0.05,0.09,0.13,0.14,0.18,0.24,0.34,0.38,0.48,0.54,0.54,0.72,0.62,0.64
2026-03-07,555,"slow","descriptive_words",0,0.02,0.02,0.06,0.04,0.08,0.09,0.15,0.21,0.25,0.28,0.36,0.51,0.53,0.54
2026-03-07,556,"soft","descriptive_words",0.03,0.05,0.07,0.15,0.12,0.15,0.18,0.31,0.34,0.39,0.43,0.49,0.68,0.61,0.61
2026-03-07,557,"sticky","descriptive_words",0.02,0.04,0.06,0.11,0.1,0.13,0.19,0.27,0.32,0.4,0.42,0.45,0.66,0.61,0.61
2026-03-07,558,"stuck","descriptive_words",0.04,0.06,0.08,0.14,0.16,0.2,0.21,0.33,0.37,0.41,0.44,0.53,0.71,0.61,0.6
2026-03-07,559,"thirsty","descriptive_words",0.03,0.04,0.06,0.11,0.13,0.15,0.2,0.31,0.36,0.4,0.46,0.53,0.71,0.58,0.64
2026-03-07,560,"tiny","descriptive_words",0,0.02,0.02,0.03,0.04,0.05,0.06,0.14,0.16,0.15,0.21,0.26,0.39,0.39,0.4
2026-03-07,561,"tired","descriptive_words",0.02,0.03,0.04,0.09,0.1,0.16,0.21,0.32,0.36,0.42,0.49,0.53,0.74,0.66,0.68
2026-03-07,562,"wet","descriptive_words",0.06,0.1,0.13,0.26,0.27,0.37,0.41,0.54,0.57,0.67,0.73,0.72,0.89,0.79,0.79
2026-03-07,563,"white","descriptive_words",0.01,0.03,0.04,0.09,0.09,0.14,0.19,0.34,0.34,0.38,0.44,0.5,0.67,0.65,0.64
2026-03-07,564,"windy","descriptive_words",0.01,0.03,0.04,0.09,0.09,0.11,0.13,0.28,0.3,0.36,0.4,0.45,0.6,0.54,0.58
2026-03-07,565,"yellow","descriptive_words",0.05,0.08,0.11,0.22,0.23,0.28,0.36,0.46,0.52,0.59,0.59,0.68,0.78,0.75,0.77
2026-03-07,566,"yucky","descriptive_words",0.18,0.16,0.27,0.35,0.31,0.39,0.41,0.55,0.55,0.66,0.65,0.66,0.82,0.73,0.74
2026-03-07,567,"after","time_words",0,0.02,0.02,0.02,0.04,0.06,0.08,0.14,0.17,0.21,0.25,0.3,0.44,0.45,0.45
2026-03-07,568,"before","time_words",0,0.02,0.01,0.01,0.01,0.02,0.05,0.06,0.08,0.1,0.17,0.19,0.27,0.32,0.33
2026-03-07,569,"day","time_words",0.01,0.04,0.03,0.07,0.06,0.09,0.13,0.22,0.22,0.29,0.33,0.43,0.51,0.51,0.54
2026-03-07,570,"later","time_words",0.01,0.02,0.03,0.07,0.08,0.11,0.15,0.22,0.25,0.31,0.35,0.42,0.6,0.53,0.53
2026-03-07,571,"morning","time_words",0.01,0.04,0.07,0.09,0.11,0.15,0.19,0.3,0.29,0.38,0.43,0.52,0.62,0.62,0.65
2026-03-07,572,"night","time_words",0.07,0.1,0.12,0.21,0.2,0.26,0.35,0.44,0.44,0.55,0.57,0.62,0.74,0.68,0.76
2026-03-07,573,"now","time_words",0.03,0.04,0.08,0.1,0.13,0.2,0.23,0.33,0.35,0.42,0.53,0.6,0.74,0.65,0.68
2026-03-07,574,"time","time_words",0,0.02,0.02,0.03,0.04,0.05,0.07,0.11,0.11,0.13,0.19,0.22,0.37,0.33,0.36
2026-03-07,575,"today","time_words",0,0.03,0.02,0.04,0.04,0.06,0.08,0.15,0.18,0.23,0.27,0.38,0.47,0.47,0.5
2026-03-07,576,"tomorrow","time_words",0,0.03,0.02,0.05,0.06,0.08,0.08,0.15,0.18,0.23,0.29,0.37,0.47,0.45,0.49
2026-03-07,577,"tonight","time_words",0,0.02,0.02,0.04,0.03,0.02,0.04,0.11,0.11,0.14,0.17,0.22,0.35,0.34,0.35
2026-03-07,578,"yesterday","time_words",0,0.02,0.01,0.01,0.02,0.01,0.02,0.06,0.08,0.09,0.11,0.16,0.27,0.26,0.3
2026-03-07,579,"he","pronouns",0,0.02,0.03,0.04,0.05,0.08,0.13,0.16,0.2,0.25,0.31,0.42,0.56,0.54,0.55
2026-03-07,580,"her","pronouns",0,0.02,0.02,0.04,0.03,0.05,0.07,0.11,0.14,0.2,0.23,0.3,0.42,0.41,0.44
2026-03-07,581,"hers","pronouns",0,0.02,0.02,0.02,0.03,0.03,0.05,0.08,0.1,0.13,0.14,0.21,0.32,0.28,0.33
2026-03-07,582,"him","pronouns",0,0.02,0.02,0.04,0.03,0.04,0.07,0.1,0.12,0.16,0.23,0.28,0.41,0.38,0.42
2026-03-07,583,"his","pronouns",0,0.02,0.01,0.02,0.03,0.04,0.07,0.1,0.12,0.18,0.19,0.25,0.38,0.36,0.41
2026-03-07,584,"I","pronouns",0.09,0.09,0.13,0.22,0.19,0.27,0.33,0.4,0.43,0.6,0.59,0.61,0.79,0.71,0.76
2026-03-07,585,"it","pronouns",0.05,0.05,0.07,0.12,0.11,0.14,0.24,0.27,0.3,0.42,0.4,0.47,0.67,0.58,0.63
2026-03-07,586,"me","pronouns",0.17,0.19,0.24,0.32,0.34,0.4,0.45,0.55,0.59,0.68,0.67,0.75,0.85,0.81,0.81
2026-03-07,587,"mine","pronouns",0.2,0.22,0.34,0.42,0.45,0.58,0.65,0.66,0.71,0.8,0.78,0.82,0.9,0.87,0.85
2026-03-07,588,"my","pronouns",0.08,0.07,0.09,0.19,0.18,0.24,0.31,0.36,0.45,0.55,0.57,0.57,0.78,0.74,0.73
2026-03-07,589,"myself","pronouns",0,0.02,0.02,0.02,0.02,0.02,0.06,0.11,0.13,0.15,0.2,0.22,0.38,0.33,0.38
2026-03-07,590,"our","pronouns",0,0.02,0.01,0.02,0.02,0.03,0.04,0.07,0.08,0.1,0.14,0.2,0.3,0.27,0.29
2026-03-07,591,"she","pronouns",0,0.02,0.03,0.05,0.03,0.07,0.09,0.12,0.17,0.2,0.29,0.35,0.46,0.48,0.5
2026-03-07,592,"that","pronouns",0.2,0.17,0.16,0.21,0.23,0.25,0.33,0.38,0.43,0.53,0.53,0.58,0.76,0.65,0.68
2026-03-07,593,"their","pronouns",0,0.02,0.01,0.01,0.02,0.02,0.03,0.05,0.06,0.09,0.11,0.17,0.24,0.25,0.25
2026-03-07,594,"them","pronouns",0,0.01,0.01,0.03,0.02,0.03,0.05,0.07,0.09,0.13,0.18,0.22,0.33,0.3,0.32
2026-03-07,595,"these","pronouns",0.01,0.03,0.04,0.05,0.06,0.07,0.11,0.14,0.17,0.26,0.3,0.34,0.47,0.41,0.44
2026-03-07,596,"they","pronouns",0,0.02,0.01,0.02,0.02,0.02,0.04,0.08,0.09,0.11,0.17,0.22,0.34,0.35,0.38
2026-03-07,597,"this","pronouns",0.14,0.14,0.16,0.21,0.19,0.23,0.31,0.35,0.41,0.47,0.53,0.53,0.74,0.59,0.65
2026-03-07,598,"those","pronouns",0.01,0.02,0.02,0.03,0.04,0.04,0.05,0.09,0.13,0.15,0.18,0.24,0.4,0.35,0.37
2026-03-07,599,"us","pronouns",0,0.01,0.01,0.02,0.01,0.01,0.04,0.07,0.06,0.11,0.12,0.18,0.25,0.26,0.28
2026-03-07,600,"we","pronouns",0,0.03,0.02,0.03,0.03,0.04,0.08,0.09,0.13,0.18,0.21,0.34,0.41,0.39,0.43
2026-03-07,601,"you","pronouns",0.08,0.07,0.13,0.19,0.21,0.25,0.36,0.43,0.45,0.57,0.62,0.69,0.82,0.77,0.78
2026-03-07,602,"your","pronouns",0.01,0.02,0.01,0.03,0.03,0.05,0.07,0.13,0.16,0.22,0.25,0.29,0.49,0.44,0.49
2026-03-07,603,"yourself","pronouns",0,0.01,0.01,0.01,0.02,0,0.01,0.04,0.04,0.06,0.08,0.11,0.2,0.16,0.2
2026-03-07,604,"how","question_words",0.01,0.02,0.02,0.03,0.04,0.04,0.07,0.12,0.13,0.16,0.24,0.29,0.41,0.39,0.44
2026-03-07,605,"what","question_words",0.15,0.13,0.15,0.2,0.2,0.23,0.36,0.43,0.47,0.54,0.57,0.7,0.79,0.73,0.76
2026-03-07,606,"when","question_words",0,0.02,0.02,0.02,0.02,0.02,0.02,0.06,0.07,0.11,0.17,0.23,0.3,0.29,0.37
2026-03-07,607,"where","question_words",0.05,0.07,0.09,0.11,0.12,0.17,0.25,0.39,0.41,0.48,0.5,0.61,0.75,0.68,0.69
2026-03-07,608,"which","question_words",0,0.02,0.02,0.01,0.02,0.02,0.02,0.04,0.06,0.08,0.1,0.12,0.19,0.23,0.25
2026-03-07,609,"who","question_words",0.03,0.04,0.05,0.05,0.07,0.08,0.11,0.17,0.22,0.26,0.31,0.43,0.55,0.49,0.55
2026-03-07,610,"why","question_words",0.02,0.06,0.07,0.1,0.1,0.12,0.16,0.25,0.25,0.3,0.39,0.5,0.54,0.59,0.56
2026-03-07,611,"about","locations",0,0.02,0.01,0.01,0.02,0.02,0.03,0.03,0.06,0.07,0.1,0.12,0.22,0.23,0.26
2026-03-07,612,"above","locations",0,0.02,0.02,0.02,0.03,0.03,0.04,0.04,0.07,0.1,0.13,0.19,0.24,0.23,0.25
2026-03-07,613,"around","locations",0,0.03,0.02,0.03,0.05,0.05,0.06,0.11,0.13,0.21,0.22,0.28,0.43,0.37,0.41
2026-03-07,614,"at","locations",0.01,0.03,0.03,0.05,0.05,0.07,0.11,0.16,0.19,0.23,0.31,0.37,0.51,0.47,0.47
2026-03-07,615,"away","locations",0.01,0.03,0.05,0.08,0.08,0.1,0.14,0.24,0.29,0.37,0.4,0.47,0.64,0.54,0.57
2026-03-07,616,"back","locations",0.04,0.06,0.07,0.12,0.11,0.16,0.18,0.31,0.34,0.39,0.42,0.48,0.66,0.58,0.6
2026-03-07,617,"behind","locations",0,0.02,0.02,0.04,0.04,0.06,0.07,0.13,0.17,0.22,0.28,0.34,0.47,0.46,0.46
2026-03-07,618,"beside","locations",0,0.01,0.02,0.01,0.02,0.02,0.04,0.07,0.1,0.09,0.13,0.16,0.21,0.23,0.27
2026-03-07,619,"by","locations",0.01,0.04,0.03,0.04,0.04,0.07,0.08,0.13,0.16,0.22,0.26,0.35,0.47,0.41,0.42
2026-03-07,620,"down","locations",0.27,0.3,0.35,0.46,0.43,0.52,0.53,0.61,0.67,0.73,0.72,0.76,0.89,0.81,0.8
2026-03-07,621,"for","locations",0,0.02,0.02,0.03,0.03,0.05,0.07,0.11,0.15,0.21,0.27,0.35,0.5,0.45,0.49
2026-03-07,622,"here","locations",0.04,0.06,0.08,0.12,0.16,0.2,0.27,0.36,0.41,0.48,0.51,0.59,0.78,0.69,0.68
2026-03-07,623,"inside/in","locations",0.07,0.07,0.13,0.21,0.19,0.23,0.35,0.44,0.49,0.55,0.6,0.63,0.82,0.7,0.72
2026-03-07,624,"into","locations",0,0.02,0.01,0.02,0.02,0.02,0.05,0.08,0.08,0.11,0.15,0.18,0.3,0.28,0.31
2026-03-07,625,"next to","locations",0,0.02,0.02,0.02,0.02,0.02,0.05,0.09,0.1,0.14,0.21,0.24,0.36,0.35,0.34
2026-03-07,626,"of","locations",0,0.02,0.01,0.04,0.01,0.02,0.02,0.06,0.09,0.1,0.14,0.2,0.29,0.27,0.31
2026-03-07,627,"off","locations",0.14,0.16,0.24,0.34,0.28,0.41,0.45,0.56,0.6,0.65,0.69,0.72,0.87,0.75,0.74
2026-03-07,628,"on","locations",0.13,0.15,0.21,0.3,0.27,0.4,0.46,0.54,0.59,0.65,0.69,0.74,0.88,0.76,0.77
2026-03-07,629,"on top of","locations",0,0.02,0.02,0.03,0.04,0.06,0.09,0.14,0.18,0.23,0.26,0.31,0.47,0.45,0.46
2026-03-07,630,"out","locations",0.16,0.14,0.23,0.33,0.27,0.34,0.39,0.52,0.53,0.61,0.65,0.66,0.83,0.7,0.7
2026-03-07,631,"over","locations",0,0.03,0.03,0.05,0.06,0.1,0.11,0.21,0.24,0.28,0.37,0.4,0.64,0.52,0.54
2026-03-07,632,"there","locations",0.07,0.06,0.08,0.11,0.14,0.21,0.23,0.36,0.39,0.45,0.49,0.58,0.75,0.64,0.67
2026-03-07,633,"to","locations",0.01,0.03,0.03,0.06,0.05,0.08,0.12,0.19,0.23,0.31,0.36,0.42,0.59,0.52,0.58
2026-03-07,634,"under","locations",0.01,0.03,0.04,0.07,0.08,0.11,0.14,0.27,0.29,0.39,0.42,0.48,0.66,0.6,0.61
2026-03-07,635,"up","locations",0.35,0.34,0.41,0.52,0.46,0.55,0.58,0.65,0.69,0.76,0.73,0.73,0.9,0.82,0.8
2026-03-07,636,"with","locations",0,0.02,0.02,0.04,0.04,0.04,0.11,0.16,0.22,0.25,0.34,0.4,0.58,0.51,0.55
2026-03-07,637,"a","quantifiers",0.04,0.05,0.07,0.11,0.11,0.15,0.21,0.24,0.29,0.38,0.39,0.47,0.6,0.54,0.61
2026-03-07,638,"all","quantifiers",0.05,0.05,0.06,0.11,0.11,0.14,0.18,0.29,0.32,0.38,0.42,0.48,0.67,0.59,0.61
2026-03-07,639,"a lot","quantifiers",0,0.02,0.02,0.05,0.04,0.05,0.09,0.17,0.18,0.24,0.29,0.35,0.48,0.49,0.51
2026-03-07,640,"an","quantifiers",0,0.02,0.01,0.02,0.02,0.01,0.03,0.03,0.04,0.08,0.1,0.12,0.17,0.18,0.21
2026-03-07,641,"another","quantifiers",0.01,0.03,0.04,0.06,0.05,0.08,0.1,0.19,0.22,0.27,0.33,0.35,0.53,0.45,0.5
2026-03-07,642,"any","quantifiers",0,0.02,0.02,0.03,0.02,0.03,0.04,0.08,0.12,0.15,0.21,0.31,0.41,0.36,0.38
2026-03-07,643,"each","quantifiers",0,0.02,0.01,0.02,0.01,0.01,0.04,0.03,0.05,0.06,0.08,0.14,0.14,0.18,0.19
2026-03-07,644,"every","quantifiers",0,0.02,0.02,0.02,0.01,0.01,0.03,0.07,0.08,0.11,0.14,0.19,0.25,0.31,0.3
2026-03-07,645,"more","quantifiers",0.29,0.29,0.38,0.45,0.46,0.51,0.58,0.67,0.69,0.75,0.74,0.78,0.91,0.86,0.85
2026-03-07,646,"much","quantifiers",0,0.02,0.03,0.03,0.02,0.04,0.06,0.11,0.14,0.15,0.2,0.21,0.35,0.31,0.37
2026-03-07,647,"none","quantifiers",0.01,0.03,0.04,0.04,0.05,0.07,0.11,0.15,0.14,0.19,0.21,0.26,0.36,0.36,0.41
2026-03-07,648,"not","quantifiers",0.01,0.03,0.04,0.05,0.05,0.11,0.11,0.17,0.23,0.26,0.34,0.41,0.6,0.51,0.48
2026-03-07,649,"other","quantifiers",0,0.02,0.02,0.04,0.03,0.07,0.08,0.18,0.17,0.22,0.28,0.32,0.49,0.42,0.41
2026-03-07,650,"same","quantifiers",0,0.02,0.02,0.02,0.03,0.03,0.06,0.12,0.16,0.15,0.24,0.28,0.33,0.4,0.41
2026-03-07,651,"some","quantifiers",0.02,0.03,0.06,0.09,0.11,0.13,0.18,0.26,0.3,0.37,0.41,0.47,0.68,0.56,0.59
2026-03-07,652,"the","quantifiers",0.02,0.03,0.04,0.08,0.07,0.1,0.14,0.19,0.25,0.3,0.37,0.43,0.61,0.51,0.59
2026-03-07,653,"too","quantifiers",0.01,0.04,0.06,0.1,0.11,0.17,0.21,0.26,0.37,0.4,0.49,0.52,0.7,0.61,0.65
2026-03-07,654,"am","helping_verbs",0,0.02,0.02,0.04,0.05,0.05,0.09,0.13,0.17,0.23,0.25,0.33,0.48,0.48,0.5
2026-03-07,655,"are","helping_verbs",0,0.02,0.02,0.02,0.03,0.04,0.07,0.09,0.14,0.17,0.22,0.27,0.44,0.37,0.46
2026-03-07,656,"be","helping_verbs",0,0.03,0.02,0.04,0.03,0.05,0.06,0.11,0.12,0.17,0.22,0.24,0.38,0.35,0.39
2026-03-07,657,"can (auxiliary)","helping_verbs",0.01,0.02,0.02,0.06,0.05,0.07,0.14,0.2,0.22,0.31,0.32,0.43,0.6,0.56,0.6
2026-03-07,658,"could","helping_verbs",0,0.02,0.02,0.02,0.02,0.02,0.02,0.04,0.04,0.07,0.12,0.14,0.22,0.22,0.25
2026-03-07,659,"did/did ya","helping_verbs",0.02,0.03,0.04,0.05,0.06,0.08,0.11,0.2,0.2,0.25,0.31,0.4,0.56,0.47,0.54
2026-03-07,660,"do","helping_verbs",0.04,0.09,0.1,0.16,0.16,0.25,0.27,0.37,0.43,0.49,0.53,0.6,0.77,0.65,0.67
2026-03-07,661,"does","helping_verbs",0,0.02,0.02,0.03,0.02,0.02,0.04,0.09,0.09,0.12,0.18,0.21,0.34,0.33,0.34
2026-03-07,662,"don't","helping_verbs",0.05,0.05,0.08,0.1,0.15,0.14,0.19,0.28,0.33,0.42,0.41,0.5,0.71,0.58,0.65
2026-03-07,663,"gonna/going to","helping_verbs",0.01,0.03,0.05,0.05,0.06,0.1,0.13,0.22,0.24,0.28,0.38,0.41,0.59,0.53,0.56
2026-03-07,664,"gotta/got to","helping_verbs",0,0.02,0.03,0.03,0.03,0.04,0.07,0.12,0.12,0.15,0.21,0.23,0.37,0.31,0.37
2026-03-07,665,"hafta/have to","helping_verbs",0.01,0.02,0.02,0.04,0.03,0.03,0.06,0.13,0.15,0.17,0.25,0.33,0.45,0.44,0.46
2026-03-07,666,"is","helping_verbs",0.02,0.03,0.04,0.05,0.06,0.07,0.17,0.17,0.2,0.28,0.35,0.4,0.55,0.51,0.59
2026-03-07,667,"lemme/let me","helping_verbs",0.01,0.03,0.04,0.06,0.08,0.11,0.17,0.24,0.29,0.39,0.42,0.5,0.68,0.6,0.62
2026-03-07,668,"need/need to","helping_verbs",0.01,0.03,0.05,0.05,0.06,0.09,0.11,0.2,0.23,0.27,0.34,0.4,0.56,0.55,0.56
2026-03-07,669,"try/try to","helping_verbs",0,0.02,0.04,0.06,0.05,0.1,0.12,0.22,0.26,0.27,0.33,0.39,0.53,0.5,0.55
2026-03-07,670,"wanna/want to","helping_verbs",0.05,0.07,0.09,0.11,0.14,0.2,0.27,0.37,0.4,0.5,0.54,0.61,0.77,0.7,0.74
2026-03-07,671,"was","helping_verbs",0,0.02,0.01,0.02,0.01,0.02,0.04,0.07,0.09,0.11,0.16,0.22,0.34,0.32,0.35
2026-03-07,672,"were","helping_verbs",0,0.02,0.02,0.01,0.01,0.02,0.02,0.04,0.05,0.07,0.1,0.15,0.23,0.22,0.25
2026-03-07,673,"will","helping_verbs",0,0.02,0.02,0.03,0.02,0.04,0.05,0.07,0.09,0.12,0.18,0.22,0.36,0.35,0.39
2026-03-07,674,"would","helping_verbs",0,0.02,0.01,0.01,0.01,0.01,0.02,0.03,0.04,0.06,0.08,0.12,0.16,0.16,0.21
2026-03-07,675,"and","connecting_words",0.01,0.03,0.03,0.05,0.07,0.09,0.13,0.26,0.28,0.34,0.45,0.47,0.64,0.6,0.64
2026-03-07,676,"because","connecting_words",0,0.02,0.01,0.03,0.03,0.03,0.06,0.1,0.1,0.13,0.21,0.25,0.36,0.35,0.42
2026-03-07,677,"but","connecting_words",0,0.02,0.02,0.03,0.02,0.03,0.06,0.07,0.07,0.1,0.14,0.19,0.26,0.3,0.33
2026-03-07,678,"if","connecting_words",0,0.02,0.02,0.02,0.01,0.01,0.03,0.04,0.04,0.07,0.09,0.12,0.18,0.21,0.22
2026-03-07,679,"so","connecting_words",0,0.03,0.02,0.03,0.03,0.04,0.07,0.08,0.1,0.12,0.15,0.23,0.29,0.29,0.33
2026-03-07,680,"then","connecting_words",0,0.02,0.01,0.02,0.02,0.02,0.02,0.07,0.07,0.08,0.15,0.19,0.27,0.28,0.3
