"downloaded","item_id","item_definition","category","16","17","18","19","20","21","22","23","24","25"
2026-02-20,1,"au","sounds",0.57,0.61,0.78,0.84,0.88,0.9,0.93,0.95,0.97,0.96
2026-02-20,2,"bææ","sounds",0.63,0.72,0.78,0.82,0.89,0.9,0.92,0.96,0.94,0.95
2026-02-20,3,"brrr (bil-lyd)","sounds",0.72,0.79,0.8,0.78,0.85,0.85,0.87,0.85,0.88,0.86
2026-02-20,4,"gakk gakk","sounds",0.45,0.45,0.59,0.65,0.78,0.79,0.83,0.83,0.86,0.88
2026-02-20,5,"grr","sounds",0.37,0.27,0.37,0.37,0.37,0.49,0.51,0.53,0.55,0.59
2026-02-20,6,"kykeliky","sounds",0.09,0.11,0.18,0.26,0.42,0.39,0.47,0.53,0.59,0.63
2026-02-20,7,"mjau","sounds",0.44,0.5,0.55,0.64,0.75,0.77,0.79,0.86,0.86,0.9
2026-02-20,8,"møø","sounds",0.55,0.59,0.7,0.76,0.87,0.88,0.87,0.9,0.92,0.94
2026-02-20,9,"nam - nam","sounds",0.72,0.73,0.85,0.83,0.88,0.86,0.9,0.93,0.92,0.93
2026-02-20,10,"oi (uttrykk for overraskelse)","sounds",0.68,0.73,0.85,0.84,0.89,0.9,0.92,0.92,0.94,0.95
2026-02-20,11,"tøff-tøff","sounds",0.07,0.1,0.2,0.21,0.36,0.4,0.47,0.5,0.58,0.63
2026-02-20,12,"voff voff","sounds",0.65,0.7,0.79,0.85,0.92,0.93,0.94,0.95,0.96,0.96
2026-02-20,13,"(meite)mark","animals",0.01,0.01,0.03,0.02,0.08,0.1,0.14,0.2,0.25,0.33
2026-02-20,14,"and","animals",0.07,0.08,0.16,0.19,0.31,0.34,0.36,0.47,0.5,0.56
2026-02-20,15,"apekatt","animals",0.09,0.08,0.15,0.22,0.33,0.41,0.45,0.59,0.64,0.73
2026-02-20,16,"bjørn","animals",0.02,0.03,0.12,0.15,0.25,0.3,0.38,0.51,0.57,0.62
2026-02-20,17,"dyr","animals",0.04,0.03,0.07,0.07,0.13,0.18,0.21,0.3,0.38,0.47
2026-02-20,18,"ekorn","animals",0.02,0.01,0.04,0.05,0.14,0.17,0.22,0.31,0.35,0.42
2026-02-20,19,"elefant","animals",0.03,0.06,0.1,0.17,0.3,0.38,0.45,0.59,0.66,0.72
2026-02-20,20,"elg","animals",0.02,0.04,0.04,0.07,0.14,0.18,0.22,0.28,0.31,0.35
2026-02-20,21,"esel","animals",0.02,0.01,0.03,0.02,0.08,0.11,0.13,0.22,0.23,0.25
2026-02-20,22,"fisk (animal)","animals",0.13,0.17,0.29,0.41,0.53,0.62,0.69,0.78,0.83,0.86
2026-02-20,23,"flue","animals",0.06,0.04,0.09,0.16,0.24,0.27,0.31,0.44,0.5,0.59
2026-02-20,24,"frosk","animals",0.02,0.03,0.08,0.11,0.2,0.3,0.37,0.47,0.51,0.59
2026-02-20,25,"fugl","animals",0.1,0.08,0.17,0.26,0.35,0.41,0.51,0.55,0.64,0.7
2026-02-20,26,"gås","animals",0.02,0.02,0.05,0.04,0.08,0.11,0.11,0.17,0.18,0.23
2026-02-20,27,"gris","animals",0.18,0.18,0.28,0.38,0.56,0.61,0.66,0.77,0.77,0.84
2026-02-20,28,"hane","animals",0.02,0.03,0.07,0.09,0.19,0.22,0.27,0.32,0.4,0.47
2026-02-20,29,"hest","animals",0.19,0.22,0.37,0.48,0.63,0.66,0.75,0.82,0.85,0.89
2026-02-20,30,"høne","animals",0.01,0.02,0.08,0.12,0.26,0.28,0.34,0.44,0.51,0.58
2026-02-20,31,"hund","animals",0.2,0.19,0.34,0.37,0.48,0.56,0.64,0.71,0.73,0.79
2026-02-20,32,"kanin","animals",0.05,0.05,0.15,0.23,0.34,0.41,0.47,0.57,0.63,0.71
2026-02-20,33,"katt","animals",0.21,0.26,0.41,0.48,0.56,0.66,0.72,0.77,0.8,0.87
2026-02-20,34,"kattunge","animals",0.01,0.01,0.02,0.04,0.06,0.07,0.07,0.14,0.16,0.22
2026-02-20,35,"krokodille","animals",0.02,0.03,0.05,0.1,0.18,0.24,0.33,0.43,0.49,0.58
2026-02-20,36,"ku","animals",0.11,0.22,0.31,0.33,0.45,0.57,0.63,0.72,0.75,0.8
2026-02-20,37,"kylling (animal)","animals",0,0.02,0.03,0.09,0.13,0.17,0.23,0.3,0.36,0.44
2026-02-20,38,"lam","animals",0.03,0.05,0.07,0.15,0.23,0.23,0.27,0.39,0.39,0.47
2026-02-20,39,"(leke)bamse","animals",0.17,0.19,0.3,0.38,0.54,0.59,0.6,0.69,0.74,0.79
2026-02-20,40,"løve","animals",0.03,0.06,0.11,0.16,0.29,0.37,0.42,0.54,0.59,0.67
2026-02-20,41,"maur","animals",0.01,0,0.02,0.03,0.07,0.09,0.13,0.2,0.26,0.35
2026-02-20,42,"mus","animals",0.1,0.11,0.21,0.3,0.39,0.5,0.54,0.63,0.66,0.75
2026-02-20,43,"mygg","animals",0,0,0.02,0.01,0.02,0.05,0.05,0.09,0.13,0.16
2026-02-20,44,"pingvin","animals",0.02,0.02,0.02,0.05,0.12,0.15,0.21,0.26,0.3,0.35
2026-02-20,45,"ponni","animals",0.01,0,0.01,0.02,0.04,0.05,0.07,0.08,0.11,0.15
2026-02-20,46,"reinsdyr","animals",0,0,0.01,0.02,0.02,0.05,0.06,0.09,0.11,0.14
2026-02-20,47,"sau","animals",0.09,0.14,0.23,0.25,0.37,0.42,0.53,0.62,0.67,0.72
2026-02-20,48,"sebra","animals",0,0,0.02,0.05,0.12,0.14,0.17,0.28,0.3,0.38
2026-02-20,49,"sjiraff","animals",0.05,0.03,0.06,0.13,0.19,0.26,0.33,0.46,0.5,0.58
2026-02-20,50,"skilpadde","animals",0,0,0.02,0.04,0.12,0.12,0.18,0.24,0.29,0.38
2026-02-20,51,"sommerfugl","animals",0,0.01,0.04,0.07,0.16,0.16,0.22,0.34,0.4,0.49
2026-02-20,52,"tiger","animals",0.04,0.03,0.11,0.14,0.25,0.29,0.39,0.47,0.52,0.58
2026-02-20,53,"ugle","animals",0.03,0.03,0.06,0.09,0.15,0.19,0.24,0.34,0.37,0.42
2026-02-20,54,"ulv","animals",0,0.01,0.03,0.06,0.07,0.1,0.14,0.2,0.24,0.27
2026-02-20,55,"valp","animals",0.01,0.02,0.02,0.04,0.04,0.07,0.05,0.1,0.1,0.15
2026-02-20,56,"veps","animals",0.01,0.04,0.04,0.06,0.14,0.14,0.17,0.23,0.27,0.33
2026-02-20,57,"akebrett","vehicles",0,0.02,0.03,0.05,0.1,0.15,0.22,0.32,0.38,0.47
2026-02-20,58,"barnevogn","vehicles",0.01,0.06,0.11,0.19,0.33,0.34,0.42,0.53,0.6,0.67
2026-02-20,59,"bil","vehicles",0.4,0.41,0.56,0.69,0.8,0.84,0.9,0.91,0.9,0.94
2026-02-20,60,"brannbil","vehicles",0.01,0.05,0.03,0.1,0.16,0.19,0.27,0.36,0.44,0.54
2026-02-20,61,"båt","vehicles",0.21,0.22,0.31,0.38,0.57,0.64,0.72,0.78,0.8,0.88
2026-02-20,62,"buss","vehicles",0.2,0.16,0.28,0.36,0.54,0.6,0.67,0.76,0.8,0.86
2026-02-20,63,"fly","vehicles",0.17,0.21,0.32,0.4,0.58,0.61,0.74,0.77,0.85,0.88
2026-02-20,64,"helikopter","vehicles",0,0.03,0.04,0.09,0.17,0.19,0.29,0.42,0.45,0.57
2026-02-20,65,"lastebil","vehicles",0.01,0.03,0.06,0.16,0.23,0.28,0.36,0.53,0.55,0.68
2026-02-20,66,"motorsykkel","vehicles",0.01,0.03,0.04,0.06,0.14,0.17,0.25,0.35,0.41,0.52
2026-02-20,67,"sykkel","vehicles",0.04,0.08,0.15,0.21,0.38,0.43,0.51,0.64,0.7,0.77
2026-02-20,68,"tog","vehicles",0.15,0.1,0.22,0.31,0.49,0.54,0.63,0.7,0.74,0.83
2026-02-20,69,"traktor","vehicles",0.19,0.15,0.28,0.39,0.47,0.56,0.61,0.69,0.73,0.8
2026-02-20,70,"trehjulssykkel","vehicles",0.02,0.01,0.01,0.01,0.01,0.04,0.06,0.08,0.11,0.2
2026-02-20,71,"ball","toys",0.58,0.57,0.73,0.8,0.85,0.89,0.92,0.93,0.94,0.96
2026-02-20,72,"ballong","toys",0.12,0.15,0.27,0.33,0.48,0.5,0.58,0.65,0.74,0.8
2026-02-20,73,"blyant","toys",0.01,0.01,0.03,0.05,0.11,0.16,0.21,0.25,0.28,0.37
2026-02-20,74,"bok","toys",0.31,0.34,0.48,0.57,0.68,0.76,0.8,0.82,0.88,0.92
2026-02-20,75,"klosser","toys",0.05,0.03,0.11,0.11,0.23,0.29,0.34,0.44,0.51,0.58
2026-02-20,76,"dukke","toys",0.1,0.19,0.35,0.4,0.46,0.56,0.58,0.62,0.65,0.73
2026-02-20,77,"lego","toys",0.01,0.03,0.07,0.09,0.18,0.22,0.28,0.34,0.44,0.47
2026-02-20,78,"eventyr","toys",0,0,0.01,0.02,0.03,0.04,0.05,0.12,0.16,0.23
2026-02-20,79,"fargeblyant","toys",0,0.02,0.01,0.03,0.05,0.08,0.09,0.16,0.17,0.21
2026-02-20,80,"presang","toys",0,0.01,0.06,0.07,0.13,0.19,0.22,0.29,0.46,0.52
2026-02-20,81,"kritt","toys",0,0,0.02,0.02,0.03,0.03,0.03,0.06,0.1,0.11
2026-02-20,82,"leke (object)","toys",0.07,0.1,0.21,0.25,0.37,0.42,0.54,0.62,0.72,0.77
2026-02-20,83,"lim","toys",0,0,0.01,0.02,0.04,0.07,0.1,0.14,0.19,0.22
2026-02-20,84,"penn","toys",0.03,0.02,0.05,0.07,0.14,0.17,0.23,0.31,0.34,0.38
2026-02-20,85,"plastilina","toys",0,0.01,0,0.02,0.02,0.05,0.05,0.08,0.1,0.15
2026-02-20,86,"puslespill","toys",0.02,0.01,0.04,0.1,0.14,0.21,0.28,0.38,0.47,0.54
2026-02-20,87,"spill","toys",0.01,0.02,0.05,0.09,0.15,0.2,0.23,0.29,0.41,0.43
2026-02-20,88,"såpebobler","toys",0.02,0.03,0.03,0.06,0.08,0.12,0.15,0.24,0.3,0.42
2026-02-20,89,"(brød)skive","food_drink",0.14,0.13,0.22,0.33,0.42,0.5,0.59,0.64,0.73,0.76
2026-02-20,90,"agurk","food_drink",0.07,0.05,0.11,0.19,0.28,0.34,0.43,0.5,0.55,0.62
2026-02-20,91,"appelsin","food_drink",0.06,0.09,0.16,0.28,0.39,0.5,0.54,0.62,0.68,0.74
2026-02-20,92,"banan","food_drink",0.45,0.44,0.58,0.64,0.77,0.78,0.84,0.88,0.9,0.92
2026-02-20,93,"boller","food_drink",0.15,0.18,0.27,0.35,0.48,0.58,0.65,0.74,0.76,0.85
2026-02-20,94,"bønner","food_drink",0,0,0.01,0.01,0.01,0.02,0.04,0.07,0.07,0.1
2026-02-20,95,"brød","food_drink",0.18,0.12,0.22,0.31,0.41,0.48,0.53,0.61,0.68,0.73
2026-02-20,96,"brus","food_drink",0.07,0.1,0.15,0.17,0.3,0.38,0.39,0.49,0.57,0.66
2026-02-20,97,"cola","food_drink",0,0.01,0.03,0.05,0.08,0.12,0.12,0.16,0.22,0.25
2026-02-20,98,"corn flakes","food_drink",0,0,0.01,0.01,0.01,0.02,0.05,0.08,0.12,0.14
2026-02-20,99,"dessert","food_drink",0,0.01,0.03,0.05,0.08,0.1,0.15,0.22,0.25,0.31
2026-02-20,100,"drikke (beverage)","food_drink",0.15,0.22,0.33,0.42,0.54,0.62,0.67,0.74,0.8,0.83
2026-02-20,101,"druer","food_drink",0.1,0.11,0.28,0.31,0.42,0.48,0.57,0.66,0.7,0.74
2026-02-20,102,"egg","food_drink",0.1,0.12,0.23,0.27,0.46,0.53,0.6,0.68,0.7,0.8
2026-02-20,103,"eple","food_drink",0.22,0.25,0.44,0.51,0.62,0.69,0.75,0.81,0.82,0.9
2026-02-20,104,"erter","food_drink",0.02,0.03,0.04,0.06,0.09,0.14,0.16,0.23,0.23,0.34
2026-02-20,105,"fisk (food)","food_drink",0.1,0.11,0.23,0.31,0.46,0.55,0.62,0.71,0.75,0.81
2026-02-20,106,"frokostblanding","food_drink",0,0,0.01,0.01,0.01,0.04,0.03,0.07,0.07,0.11
2026-02-20,107,"frukt","food_drink",0.02,0.02,0.07,0.11,0.17,0.21,0.26,0.36,0.45,0.47
2026-02-20,108,"godteri","food_drink",0.01,0.02,0.06,0.1,0.16,0.2,0.26,0.31,0.37,0.48
2026-02-20,109,"grøt","food_drink",0.08,0.13,0.2,0.23,0.34,0.39,0.48,0.57,0.58,0.7
2026-02-20,110,"gulrot","food_drink",0.03,0.05,0.07,0.17,0.25,0.31,0.41,0.51,0.54,0.65
2026-02-20,111,"hamburger","food_drink",0.01,0.01,0.01,0.01,0.03,0.06,0.05,0.12,0.14,0.19
2026-02-20,112,"is","food_drink",0.23,0.35,0.47,0.53,0.66,0.72,0.8,0.86,0.88,0.91
2026-02-20,113,"jordbær","food_drink",0.01,0.03,0.07,0.11,0.2,0.21,0.29,0.43,0.44,0.53
2026-02-20,114,"juice","food_drink",0.07,0.13,0.23,0.33,0.47,0.54,0.59,0.69,0.72,0.79
2026-02-20,115,"kaffe","food_drink",0.07,0.05,0.11,0.19,0.27,0.36,0.44,0.52,0.57,0.66
2026-02-20,116,"kake","food_drink",0.23,0.23,0.34,0.42,0.55,0.62,0.7,0.75,0.81,0.87
2026-02-20,117,"kjeks","food_drink",0.18,0.22,0.37,0.45,0.54,0.64,0.67,0.75,0.79,0.83
2026-02-20,118,"kjøtt","food_drink",0.02,0.02,0.04,0.06,0.1,0.17,0.21,0.3,0.37,0.43
2026-02-20,119,"kjøttkaker","food_drink",0.01,0,0.02,0.04,0.09,0.13,0.17,0.24,0.32,0.39
2026-02-20,120,"knekkebrød","food_drink",0,0.02,0.03,0.06,0.12,0.17,0.23,0.34,0.36,0.5
2026-02-20,121,"kylling (food)","food_drink",0.01,0.02,0.03,0.08,0.11,0.19,0.24,0.3,0.38,0.45
2026-02-20,122,"leverpostei","food_drink",0.01,0.04,0.06,0.1,0.19,0.25,0.31,0.42,0.51,0.57
2026-02-20,123,"mat","food_drink",0.32,0.25,0.37,0.44,0.56,0.64,0.69,0.75,0.8,0.82
2026-02-20,124,"matpakke","food_drink",0,0.01,0.04,0.05,0.07,0.1,0.13,0.23,0.25,0.3
2026-02-20,125,"melk","food_drink",0.26,0.26,0.41,0.51,0.63,0.67,0.74,0.8,0.83,0.88
2026-02-20,126,"melon","food_drink",0.02,0.02,0.03,0.06,0.1,0.12,0.17,0.26,0.28,0.39
2026-02-20,127,"nøtter","food_drink",0,0,0.01,0.01,0.03,0.03,0.05,0.1,0.11,0.17
2026-02-20,128,"nugatti","food_drink",0,0.01,0.02,0.02,0.02,0.06,0.05,0.08,0.12,0.14
2026-02-20,129,"ost","food_drink",0.15,0.17,0.32,0.4,0.56,0.63,0.69,0.75,0.8,0.84
2026-02-20,130,"pannekake","food_drink",0.03,0.03,0.06,0.09,0.14,0.22,0.28,0.39,0.46,0.54
2026-02-20,131,"pasta","food_drink",0.02,0.01,0.07,0.06,0.15,0.19,0.22,0.35,0.38,0.43
2026-02-20,132,"pizza","food_drink",0.07,0.06,0.16,0.21,0.32,0.41,0.49,0.58,0.67,0.73
2026-02-20,133,"pølser","food_drink",0.1,0.1,0.23,0.26,0.43,0.5,0.55,0.66,0.71,0.79
2026-02-20,134,"pommes frites","food_drink",0.01,0,0.01,0.02,0.04,0.05,0.06,0.11,0.12,0.19
2026-02-20,135,"popcorn","food_drink",0,0,0.01,0.01,0.03,0.03,0.05,0.09,0.13,0.16
2026-02-20,136,"poteter","food_drink",0.05,0.05,0.08,0.13,0.21,0.29,0.38,0.47,0.53,0.59
2026-02-20,137,"potetgull","food_drink",0,0.01,0.02,0.01,0.06,0.09,0.11,0.16,0.2,0.25
2026-02-20,138,"ris","food_drink",0.03,0.05,0.06,0.11,0.23,0.26,0.34,0.43,0.49,0.57
2026-02-20,139,"ristet brød","food_drink",0,0,0,0,0.01,0.02,0.03,0.05,0.06,0.09
2026-02-20,140,"rosiner","food_drink",0.02,0.07,0.12,0.19,0.3,0.36,0.45,0.53,0.58,0.64
2026-02-20,141,"saft","food_drink",0.1,0.09,0.19,0.22,0.37,0.44,0.49,0.61,0.66,0.74
2026-02-20,142,"salami","food_drink",0,0,0.01,0.02,0.04,0.08,0.1,0.14,0.17,0.24
2026-02-20,143,"salt","food_drink",0.01,0,0.01,0.03,0.06,0.07,0.1,0.15,0.19,0.26
2026-02-20,144,"saus","food_drink",0,0,0.04,0.06,0.12,0.16,0.25,0.33,0.38,0.46
2026-02-20,145,"sjokolade","food_drink",0.01,0.04,0.08,0.13,0.24,0.32,0.36,0.49,0.58,0.66
2026-02-20,146,"smør","food_drink",0.02,0.04,0.08,0.11,0.23,0.29,0.37,0.49,0.54,0.65
2026-02-20,147,"spagetti","food_drink",0.01,0.01,0.05,0.08,0.16,0.18,0.23,0.32,0.39,0.48
2026-02-20,148,"sukkertøy","food_drink",0,0.01,0,0.01,0.02,0.04,0.04,0.06,0.1,0.13
2026-02-20,149,"suppe","food_drink",0,0,0.04,0.07,0.13,0.2,0.25,0.33,0.38,0.43
2026-02-20,150,"syltetøy","food_drink",0.02,0.04,0.04,0.12,0.17,0.23,0.29,0.4,0.5,0.59
2026-02-20,151,"te","food_drink",0,0.02,0.04,0.05,0.15,0.15,0.18,0.29,0.31,0.38
2026-02-20,152,"tran","food_drink",0.02,0.05,0.06,0.07,0.13,0.12,0.19,0.25,0.29,0.32
2026-02-20,153,"tyggegummi","food_drink",0,0.01,0.01,0.01,0.04,0.07,0.11,0.15,0.18,0.25
2026-02-20,154,"vafler","food_drink",0.02,0.02,0.07,0.09,0.15,0.22,0.26,0.36,0.43,0.53
2026-02-20,155,"vann (beverage)","food_drink",0.26,0.28,0.39,0.49,0.58,0.67,0.74,0.78,0.85,0.86
2026-02-20,156,"yoghurt","food_drink",0.21,0.11,0.23,0.36,0.48,0.55,0.6,0.69,0.74,0.78
2026-02-20,157,"belte","clothing",0.01,0,0.05,0.05,0.08,0.11,0.15,0.21,0.28,0.33
2026-02-20,158,"bleie","clothing",0.24,0.29,0.5,0.59,0.72,0.79,0.82,0.86,0.9,0.92
2026-02-20,159,"bukse","clothing",0.13,0.15,0.25,0.38,0.53,0.63,0.66,0.75,0.82,0.86
2026-02-20,160,"dress (ute)","clothing",0.03,0.05,0.11,0.18,0.28,0.37,0.43,0.54,0.6,0.66
2026-02-20,161,"genser","clothing",0.05,0.06,0.14,0.22,0.37,0.43,0.5,0.63,0.68,0.75
2026-02-20,162,"glidelås","clothing",0.02,0.02,0.02,0.05,0.08,0.1,0.17,0.24,0.27,0.38
2026-02-20,163,"halskjede","clothing",0,0.02,0.03,0.04,0.06,0.09,0.14,0.17,0.21,0.26
2026-02-20,164,"hansker","clothing",0,0.01,0.03,0.04,0.06,0.11,0.13,0.17,0.2,0.29
2026-02-20,165,"jakke","clothing",0.09,0.17,0.27,0.39,0.56,0.62,0.66,0.73,0.8,0.84
2026-02-20,166,"joggesko","clothing",0.01,0.01,0.02,0.02,0.07,0.06,0.09,0.15,0.21,0.3
2026-02-20,167,"kjole","clothing",0.01,0.03,0.1,0.1,0.26,0.29,0.37,0.43,0.48,0.56
2026-02-20,168,"knapper","clothing",0.07,0.06,0.09,0.16,0.26,0.29,0.37,0.45,0.51,0.58
2026-02-20,169,"lue","clothing",0.14,0.19,0.36,0.45,0.62,0.68,0.71,0.77,0.85,0.87
2026-02-20,170,"pysjamas","clothing",0.07,0.09,0.14,0.24,0.35,0.42,0.47,0.57,0.63,0.69
2026-02-20,171,"regntøy","clothing",0,0,0.01,0.02,0.04,0.1,0.13,0.2,0.27,0.39
2026-02-20,172,"sandaler","clothing",0.01,0.01,0.03,0.04,0.08,0.08,0.13,0.2,0.22,0.32
2026-02-20,173,"shorts","clothing",0,0.01,0.02,0.03,0.04,0.08,0.07,0.15,0.17,0.26
2026-02-20,174,"skjerf","clothing",0.01,0.03,0.04,0.09,0.13,0.17,0.2,0.28,0.36,0.41
2026-02-20,175,"skjorte","clothing",0,0.01,0.02,0.02,0.04,0.1,0.13,0.19,0.22,0.3
2026-02-20,176,"sko","clothing",0.36,0.41,0.56,0.65,0.75,0.81,0.84,0.87,0.91,0.92
2026-02-20,177,"smekke","clothing",0.07,0.1,0.18,0.25,0.37,0.42,0.48,0.58,0.63,0.68
2026-02-20,178,"smokk","clothing",0.2,0.24,0.4,0.42,0.57,0.61,0.65,0.71,0.75,0.78
2026-02-20,179,"sokker","clothing",0.18,0.14,0.28,0.33,0.48,0.56,0.63,0.71,0.75,0.8
2026-02-20,180,"støvler","clothing",0.01,0.03,0.11,0.15,0.23,0.3,0.4,0.5,0.55,0.66
2026-02-20,181,"strømpebukse","clothing",0.01,0.03,0.07,0.11,0.19,0.24,0.33,0.42,0.48,0.59
2026-02-20,182,"strømper","clothing",0.01,0.01,0.03,0.05,0.07,0.11,0.13,0.2,0.25,0.3
2026-02-20,183,"t-skjorte","clothing",0,0.01,0.01,0.01,0.03,0.08,0.08,0.16,0.19,0.29
2026-02-20,184,"tøfler","clothing",0.05,0.03,0.06,0.12,0.22,0.25,0.29,0.41,0.42,0.49
2026-02-20,185,"underbukse","clothing",0,0.01,0.01,0.04,0.04,0.07,0.1,0.16,0.2,0.26
2026-02-20,186,"votter","clothing",0.05,0.07,0.19,0.26,0.38,0.44,0.53,0.62,0.66,0.73
2026-02-20,187,"ankel","body_parts",0,0,0.01,0.01,0,0.01,0.01,0.03,0.04,0.05
2026-02-20,188,"ansikt","body_parts",0.01,0.03,0.04,0.1,0.16,0.23,0.25,0.36,0.44,0.54
2026-02-20,189,"arm","body_parts",0.03,0.06,0.08,0.15,0.25,0.36,0.43,0.54,0.61,0.7
2026-02-20,190,"bein","body_parts",0.01,0.02,0.06,0.1,0.22,0.3,0.36,0.43,0.51,0.59
2026-02-20,191,"finger","body_parts",0.04,0.04,0.09,0.16,0.25,0.36,0.44,0.54,0.61,0.69
2026-02-20,192,"fot","body_parts",0.07,0.15,0.22,0.3,0.41,0.5,0.57,0.67,0.72,0.79
2026-02-20,193,"hake","body_parts",0.04,0.05,0.08,0.11,0.21,0.27,0.34,0.42,0.49,0.57
2026-02-20,194,"hånd","body_parts",0.07,0.08,0.14,0.22,0.35,0.44,0.53,0.6,0.7,0.75
2026-02-20,195,"hår","body_parts",0.08,0.11,0.23,0.28,0.43,0.54,0.6,0.69,0.75,0.82
2026-02-20,196,"hode","body_parts",0.14,0.1,0.23,0.28,0.4,0.49,0.54,0.63,0.71,0.79
2026-02-20,197,"kinn","body_parts",0.02,0.06,0.08,0.13,0.25,0.32,0.37,0.43,0.52,0.59
2026-02-20,198,"kne","body_parts",0.02,0.03,0.03,0.1,0.15,0.19,0.27,0.33,0.39,0.51
2026-02-20,199,"lepper","body_parts",0.01,0,0.01,0.03,0.04,0.1,0.12,0.16,0.22,0.3
2026-02-20,200,"mage","body_parts",0.11,0.13,0.27,0.35,0.49,0.56,0.64,0.71,0.78,0.82
2026-02-20,201,"munn","body_parts",0.13,0.2,0.3,0.4,0.57,0.65,0.69,0.75,0.82,0.87
2026-02-20,202,"navle","body_parts",0.09,0.1,0.14,0.19,0.27,0.3,0.39,0.46,0.51,0.61
2026-02-20,203,"nese","body_parts",0.19,0.27,0.45,0.53,0.66,0.72,0.75,0.79,0.86,0.89
2026-02-20,204,"øre","body_parts",0.15,0.21,0.34,0.44,0.56,0.67,0.69,0.75,0.81,0.85
2026-02-20,205,"øye","body_parts",0.2,0.29,0.45,0.51,0.67,0.74,0.74,0.78,0.84,0.89
2026-02-20,206,"pupp","body_parts",0.19,0.2,0.27,0.33,0.44,0.49,0.51,0.59,0.63,0.67
2026-02-20,207,"rumpe","body_parts",0.02,0.05,0.09,0.13,0.24,0.32,0.43,0.52,0.58,0.65
2026-02-20,208,"rygg","body_parts",0,0.02,0.01,0.04,0.06,0.14,0.21,0.28,0.37,0.45
2026-02-20,209,"skulder","body_parts",0,0,0.01,0.02,0.05,0.06,0.08,0.11,0.14,0.23
2026-02-20,210,"tenner","body_parts",0.08,0.08,0.13,0.18,0.3,0.39,0.5,0.57,0.66,0.72
2026-02-20,211,"tiss","body_parts",0.19,0.23,0.4,0.42,0.5,0.59,0.69,0.74,0.74,0.81
2026-02-20,212,"tunge","body_parts",0.01,0.03,0.04,0.11,0.14,0.22,0.29,0.36,0.41,0.52
2026-02-20,213,"tå","body_parts",0.06,0.11,0.17,0.24,0.29,0.42,0.45,0.57,0.6,0.67
2026-02-20,214,"bilde","household",0.07,0.1,0.18,0.28,0.38,0.46,0.54,0.6,0.66,0.74
2026-02-20,215,"boks","household",0.01,0.03,0.04,0.12,0.16,0.2,0.25,0.36,0.39,0.48
2026-02-20,216,"børste","household",0.04,0.07,0.1,0.14,0.24,0.31,0.36,0.46,0.52,0.58
2026-02-20,217,"bøtte","household",0.08,0.05,0.13,0.2,0.32,0.37,0.44,0.53,0.57,0.67
2026-02-20,218,"brett","household",0,0,0.01,0.02,0.04,0.05,0.06,0.1,0.12,0.17
2026-02-20,219,"briller","household",0.03,0.08,0.14,0.23,0.36,0.41,0.47,0.58,0.64,0.73
2026-02-20,220,"dopapir","household",0.01,0,0.03,0.07,0.11,0.14,0.18,0.29,0.32,0.45
2026-02-20,221,"dyne","household",0.02,0.06,0.12,0.19,0.35,0.38,0.48,0.58,0.65,0.74
2026-02-20,222,"eske","household",0,0.02,0.03,0.04,0.1,0.12,0.15,0.23,0.27,0.36
2026-02-20,223,"fat","household",0.04,0.03,0.06,0.09,0.12,0.2,0.22,0.27,0.33,0.36
2026-02-20,224,"flaske","household",0.06,0.07,0.17,0.23,0.31,0.38,0.44,0.56,0.61,0.7
2026-02-20,225,"gåbil","household",0,0.01,0.03,0.05,0.06,0.07,0.06,0.11,0.12,0.18
2026-02-20,226,"gaffel","household",0.02,0.04,0.1,0.14,0.27,0.33,0.44,0.55,0.6,0.69
2026-02-20,227,"glass","household",0.03,0.06,0.1,0.14,0.26,0.34,0.42,0.54,0.63,0.69
2026-02-20,228,"hammer","household",0.01,0.01,0.03,0.05,0.1,0.13,0.18,0.26,0.3,0.42
2026-02-20,229,"håndkle","household",0.02,0.02,0.03,0.08,0.11,0.15,0.21,0.33,0.37,0.48
2026-02-20,230,"kam","household",0,0.01,0.03,0.05,0.06,0.1,0.13,0.18,0.24,0.28
2026-02-20,231,"kamera","household",0,0,0.02,0.03,0.02,0.07,0.11,0.17,0.2,0.28
2026-02-20,232,"kasse","household",0.01,0.02,0.03,0.04,0.08,0.13,0.14,0.23,0.28,0.35
2026-02-20,233,"kjøkkenrull","household",0,0,0,0,0,0.01,0.01,0.04,0.03,0.04
2026-02-20,234,"klokke","household",0.13,0.15,0.25,0.3,0.39,0.49,0.51,0.62,0.64,0.74
2026-02-20,235,"kniv","household",0.02,0.05,0.07,0.1,0.25,0.32,0.4,0.51,0.57,0.69
2026-02-20,236,"kopp","household",0.1,0.16,0.25,0.33,0.5,0.54,0.6,0.68,0.75,0.8
2026-02-20,237,"kost","household",0.02,0.03,0.07,0.1,0.12,0.21,0.25,0.35,0.4,0.49
2026-02-20,238,"krukke","household",0,0,0,0,0.01,0.01,0.02,0.04,0.04,0.05
2026-02-20,239,"krus","household",0,0,0.01,0.01,0.02,0.03,0.05,0.06,0.1,0.15
2026-02-20,240,"lampe","household",0.05,0.06,0.1,0.12,0.22,0.25,0.32,0.41,0.47,0.56
2026-02-20,241,"lommebok","household",0.01,0,0,0.02,0.04,0.05,0.08,0.14,0.22,0.29
2026-02-20,242,"lys","household",0.36,0.38,0.48,0.54,0.67,0.68,0.75,0.8,0.82,0.88
2026-02-20,243,"medisin","household",0.02,0.01,0.02,0.03,0.07,0.13,0.14,0.2,0.28,0.36
2026-02-20,244,"nøkler","household",0.02,0.04,0.12,0.14,0.23,0.3,0.38,0.52,0.55,0.64
2026-02-20,245,"papir","household",0.02,0.03,0.07,0.14,0.25,0.33,0.38,0.53,0.57,0.64
2026-02-20,246,"penger","household",0.02,0.01,0.04,0.05,0.13,0.19,0.24,0.35,0.43,0.54
2026-02-20,247,"plante","household",0.01,0.01,0.01,0.05,0.06,0.06,0.11,0.15,0.18,0.24
2026-02-20,248,"pute","household",0.05,0.07,0.17,0.21,0.33,0.42,0.49,0.58,0.67,0.75
2026-02-20,249,"radio","household",0.01,0.02,0.01,0.04,0.05,0.09,0.11,0.17,0.21,0.31
2026-02-20,250,"saks","household",0.01,0.02,0.03,0.05,0.12,0.19,0.27,0.33,0.42,0.55
2026-02-20,251,"såpe","household",0.01,0.04,0.1,0.14,0.24,0.35,0.4,0.51,0.59,0.67
2026-02-20,252,"sekk","household",0.02,0.02,0.06,0.07,0.12,0.19,0.26,0.33,0.4,0.49
2026-02-20,253,"serviett","household",0,0,0.01,0.02,0.02,0.06,0.07,0.13,0.15,0.23
2026-02-20,254,"skål","household",0,0.01,0.03,0.04,0.08,0.14,0.17,0.22,0.26,0.3
2026-02-20,255,"skje","household",0.08,0.11,0.22,0.29,0.44,0.52,0.59,0.65,0.7,0.75
2026-02-20,256,"søppel","household",0,0.05,0.14,0.17,0.27,0.33,0.4,0.52,0.58,0.66
2026-02-20,257,"søppelbøtte","household",0,0.01,0.01,0.04,0.04,0.07,0.14,0.2,0.23,0.34
2026-02-20,258,"støvsuger","household",0.01,0.01,0.05,0.09,0.15,0.19,0.25,0.34,0.41,0.49
2026-02-20,259,"tallerken","household",0,0.02,0.03,0.06,0.14,0.18,0.21,0.31,0.35,0.49
2026-02-20,260,"tannbørste","household",0.08,0.06,0.12,0.16,0.24,0.33,0.39,0.5,0.54,0.63
2026-02-20,261,"telefon","household",0.07,0.08,0.16,0.21,0.35,0.45,0.51,0.62,0.67,0.75
2026-02-20,262,"teppe","household",0.04,0.04,0.1,0.16,0.21,0.33,0.36,0.5,0.54,0.62
2026-02-20,263,"veske","household",0.02,0.01,0.07,0.1,0.18,0.2,0.31,0.37,0.46,0.54
2026-02-20,264,"bad","furniture_rooms",0.29,0.29,0.37,0.46,0.56,0.61,0.69,0.73,0.79,0.8
2026-02-20,265,"badekar","furniture_rooms",0.03,0.04,0.07,0.1,0.13,0.18,0.24,0.31,0.43,0.51
2026-02-20,266,"balkong","furniture_rooms",0,0,0.01,0.01,0,0.03,0.01,0.05,0.05,0.06
2026-02-20,267,"barneseng","furniture_rooms",0,0,0.01,0.03,0.03,0.05,0.06,0.09,0.13,0.16
2026-02-20,268,"barnestol","furniture_rooms",0,0.01,0.01,0.03,0.04,0.06,0.07,0.11,0.13,0.18
2026-02-20,269,"bord","furniture_rooms",0.03,0.06,0.08,0.18,0.32,0.4,0.47,0.59,0.64,0.7
2026-02-20,270,"do","furniture_rooms",0.13,0.13,0.24,0.29,0.43,0.56,0.62,0.69,0.73,0.81
2026-02-20,271,"dør","furniture_rooms",0.02,0.06,0.1,0.14,0.29,0.36,0.44,0.56,0.64,0.69
2026-02-20,272,"dusj","furniture_rooms",0.17,0.12,0.26,0.37,0.47,0.53,0.64,0.69,0.73,0.81
2026-02-20,273,"garasje","furniture_rooms",0,0.01,0,0.03,0.05,0.08,0.13,0.19,0.24,0.35
2026-02-20,274,"gyngestol","furniture_rooms",0,0.01,0.01,0.01,0.02,0.02,0.04,0.05,0.06,0.1
2026-02-20,275,"kjeller","furniture_rooms",0.01,0.01,0.01,0.03,0.04,0.06,0.1,0.17,0.21,0.27
2026-02-20,276,"kjøkken","furniture_rooms",0.03,0.02,0.06,0.07,0.15,0.23,0.29,0.39,0.47,0.58
2026-02-20,277,"kjøleskap","furniture_rooms",0.01,0,0.02,0.06,0.06,0.14,0.2,0.27,0.35,0.47
2026-02-20,278,"komfyr","furniture_rooms",0,0,0,0.02,0.02,0.06,0.08,0.11,0.14,0.2
2026-02-20,279,"lekegrind","furniture_rooms",0,0,0,0.01,0.01,0.01,0.02,0.03,0.03,0.08
2026-02-20,280,"ovn","furniture_rooms",0.02,0.02,0.04,0.08,0.13,0.2,0.24,0.29,0.39,0.46
2026-02-20,281,"PC","furniture_rooms",0.01,0.01,0.04,0.04,0.06,0.11,0.13,0.19,0.25,0.31
2026-02-20,282,"potte","furniture_rooms",0.03,0.05,0.12,0.14,0.2,0.27,0.33,0.36,0.44,0.52
2026-02-20,283,"rom","furniture_rooms",0.01,0.01,0.03,0.05,0.12,0.15,0.22,0.31,0.37,0.45
2026-02-20,284,"seng","furniture_rooms",0.05,0.07,0.17,0.25,0.37,0.49,0.56,0.66,0.73,0.77
2026-02-20,285,"skap","furniture_rooms",0.01,0.01,0.03,0.06,0.09,0.15,0.21,0.29,0.34,0.45
2026-02-20,286,"skuff","furniture_rooms",0.02,0.01,0.01,0.02,0.06,0.11,0.16,0.23,0.3,0.38
2026-02-20,287,"sofa","furniture_rooms",0.01,0.03,0.1,0.13,0.22,0.32,0.4,0.49,0.55,0.62
2026-02-20,288,"soverom","furniture_rooms",0,0.01,0.01,0.01,0.04,0.06,0.1,0.17,0.25,0.31
2026-02-20,289,"stol","furniture_rooms",0.07,0.1,0.23,0.26,0.42,0.5,0.58,0.65,0.7,0.76
2026-02-20,290,"stue","furniture_rooms",0.01,0.01,0.04,0.09,0.14,0.21,0.28,0.37,0.45,0.54
2026-02-20,291,"terrasse","furniture_rooms",0,0,0.01,0.01,0,0.03,0.03,0.06,0.08,0.14
2026-02-20,292,"tørketrommel","furniture_rooms",0,0,0,0,0,0.02,0.02,0.04,0.06,0.09
2026-02-20,293,"trapp","furniture_rooms",0.05,0.05,0.11,0.14,0.24,0.3,0.4,0.52,0.56,0.63
2026-02-20,294,"TV","furniture_rooms",0.12,0.05,0.12,0.18,0.29,0.36,0.44,0.52,0.63,0.68
2026-02-20,295,"vask","furniture_rooms",0.01,0.02,0.04,0.07,0.1,0.2,0.25,0.35,0.41,0.49
2026-02-20,296,"vaskemaskin","furniture_rooms",0,0,0.02,0.04,0.04,0.1,0.16,0.19,0.25,0.35
2026-02-20,297,"vindu","furniture_rooms",0.01,0.02,0.07,0.08,0.16,0.22,0.28,0.39,0.44,0.55
2026-02-20,298,"badebasseng","outside",0.03,0.01,0.01,0.02,0.05,0.06,0.09,0.15,0.19,0.25
2026-02-20,299,"bakgård","outside",0,0,0,0,0,0,0,0.01,0.01,0.02
2026-02-20,300,"blomst","outside",0.18,0.14,0.25,0.32,0.44,0.54,0.58,0.65,0.7,0.79
2026-02-20,301,"fjell","outside",0.01,0.01,0.02,0.03,0.06,0.12,0.15,0.22,0.27,0.37
2026-02-20,302,"flagg","outside",0.02,0.02,0.03,0.05,0.11,0.13,0.21,0.27,0.4,0.5
2026-02-20,303,"fortau","outside",0,0,0,0.01,0.01,0.02,0.02,0.04,0.06,0.11
2026-02-20,304,"gress","outside",0.04,0.04,0.07,0.09,0.18,0.21,0.28,0.38,0.49,0.58
2026-02-20,305,"gressklipper","outside",0,0,0,0.01,0.02,0.03,0.08,0.08,0.12,0.22
2026-02-20,306,"himmel","outside",0.01,0.01,0.03,0.06,0.11,0.14,0.2,0.28,0.35,0.46
2026-02-20,307,"huske (object)","outside",0.07,0.1,0.16,0.22,0.33,0.39,0.43,0.52,0.61,0.66
2026-02-20,308,"kjelke","outside",0,0,0.02,0.02,0.02,0.06,0.09,0.11,0.15,0.19
2026-02-20,309,"måne","outside",0.07,0.07,0.15,0.26,0.35,0.42,0.49,0.58,0.63,0.7
2026-02-20,310,"pinne","outside",0.01,0.01,0.04,0.08,0.14,0.17,0.21,0.33,0.42,0.5
2026-02-20,311,"regn","outside",0.01,0.02,0.08,0.11,0.22,0.26,0.36,0.43,0.52,0.62
2026-02-20,312,"sandkasse","outside",0,0.02,0.04,0.06,0.13,0.17,0.23,0.3,0.4,0.48
2026-02-20,313,"sklie","outside",0.05,0.03,0.11,0.14,0.27,0.31,0.4,0.49,0.56,0.65
2026-02-20,314,"skyer","outside",0.01,0,0.01,0.04,0.07,0.11,0.15,0.25,0.3,0.39
2026-02-20,315,"snø","outside",0.05,0.1,0.16,0.23,0.38,0.47,0.53,0.63,0.67,0.73
2026-02-20,316,"snømann","outside",0.02,0,0.01,0.03,0.06,0.15,0.19,0.26,0.36,0.44
2026-02-20,317,"sol","outside",0.07,0.07,0.16,0.21,0.33,0.42,0.5,0.59,0.64,0.75
2026-02-20,318,"spade","outside",0.03,0.07,0.15,0.23,0.35,0.4,0.49,0.57,0.62,0.7
2026-02-20,319,"steiner","outside",0.02,0.04,0.14,0.15,0.23,0.3,0.37,0.49,0.58,0.65
2026-02-20,320,"stige","outside",0.01,0,0.01,0.03,0.04,0.06,0.08,0.14,0.2,0.28
2026-02-20,321,"stjerner","outside",0.02,0.02,0.05,0.12,0.15,0.22,0.28,0.38,0.44,0.52
2026-02-20,322,"tak","outside",0.02,0.02,0.08,0.07,0.13,0.18,0.24,0.34,0.39,0.49
2026-02-20,323,"trampoline","outside",0,0.01,0.01,0.04,0.04,0.07,0.11,0.15,0.22,0.29
2026-02-20,324,"tre","outside",0.06,0.03,0.1,0.12,0.21,0.25,0.33,0.46,0.5,0.6
2026-02-20,325,"vann (not beverage)","outside",0.14,0.15,0.27,0.36,0.52,0.61,0.65,0.75,0.81,0.82
2026-02-20,326,"vannslange","outside",0,0,0,0.02,0.01,0.02,0.04,0.05,0.07,0.12
2026-02-20,327,"vei","outside",0,0.02,0.04,0.05,0.09,0.15,0.23,0.32,0.44,0.52
2026-02-20,328,"vind","outside",0.02,0.01,0.04,0.05,0.07,0.13,0.17,0.21,0.28,0.34
2026-02-20,329,"bensinstasjon","places",0,0,0,0.01,0.01,0.03,0.03,0.04,0.09,0.13
2026-02-20,330,"bondegård","places",0,0,0,0.02,0.01,0.03,0.04,0.08,0.11,0.15
2026-02-20,331,"butikk","places",0.06,0.06,0.1,0.13,0.26,0.31,0.38,0.51,0.61,0.69
2026-02-20,332,"byen","places",0,0.01,0.01,0.02,0.06,0.09,0.11,0.17,0.19,0.29
2026-02-20,333,"campingplass","places",0,0,0,0,0.01,0,0,0.02,0.02,0.03
2026-02-20,334,"dyrehage","places",0,0,0,0.01,0,0.02,0.02,0.05,0.08,0.09
2026-02-20,335,"fest","places",0,0,0.02,0.01,0.04,0.06,0.06,0.12,0.15,0.2
2026-02-20,336,"hage","places",0,0.01,0.02,0.03,0.07,0.12,0.16,0.23,0.29,0.4
2026-02-20,337,"hjem","places",0.08,0.1,0.13,0.19,0.31,0.37,0.46,0.58,0.64,0.73
2026-02-20,338,"hus","places",0.07,0.11,0.2,0.25,0.39,0.46,0.52,0.61,0.64,0.73
2026-02-20,339,"jobb","places",0.02,0.02,0.07,0.09,0.22,0.28,0.36,0.48,0.51,0.63
2026-02-20,340,"kino","places",0,0,0,0.01,0.01,0.01,0.01,0.04,0.07,0.07
2026-02-20,341,"kirke","places",0.01,0,0,0.01,0.02,0.03,0.04,0.08,0.1,0.13
2026-02-20,342,"landet","places",0,0,0,0,0.01,0.01,0.01,0.03,0.04,0.05
2026-02-20,343,"lekeplass","places",0.01,0.02,0.01,0.03,0.04,0.11,0.15,0.23,0.3,0.37
2026-02-20,344,"park","places",0,0,0.01,0.01,0.01,0.04,0.04,0.08,0.07,0.13
2026-02-20,345,"sirkus","places",0,0,0,0,0,0.01,0.01,0.02,0.05,0.08
2026-02-20,346,"skogen","places",0.01,0,0.02,0.04,0.08,0.12,0.16,0.25,0.35,0.41
2026-02-20,347,"skole","places",0.01,0,0,0.04,0.07,0.1,0.14,0.18,0.25,0.33
2026-02-20,348,"strand","places",0.01,0,0,0.01,0.02,0.05,0.05,0.11,0.13,0.2
2026-02-20,349,"svømmehall","places",0,0,0,0.02,0.01,0.03,0.04,0.08,0.09,0.12
2026-02-20,350,"ut","places",0.24,0.33,0.42,0.47,0.64,0.72,0.72,0.8,0.83,0.89
2026-02-20,351,"baby","people",0.37,0.43,0.57,0.66,0.75,0.81,0.83,0.86,0.88,0.92
2026-02-20,352,"barn","people",0.01,0.03,0.07,0.09,0.16,0.17,0.23,0.28,0.36,0.45
2026-02-20,353,"barnets navn","people",0.21,0.22,0.36,0.43,0.56,0.6,0.67,0.74,0.8,0.83
2026-02-20,354,"barnevaktens navn","people",0.1,0.09,0.13,0.13,0.24,0.28,0.32,0.39,0.44,0.45
2026-02-20,355,"bestefar","people",0.11,0.12,0.21,0.23,0.35,0.43,0.44,0.49,0.55,0.61
2026-02-20,356,"bestemor","people",0.17,0.14,0.19,0.22,0.34,0.4,0.41,0.45,0.51,0.6
2026-02-20,357,"bonde","people",0,0.01,0.01,0.01,0.02,0.05,0.04,0.07,0.09,0.12
2026-02-20,358,"brannmann","people",0,0.01,0.01,0.04,0.06,0.09,0.12,0.16,0.24,0.34
2026-02-20,359,"bror","people",0.12,0.1,0.14,0.14,0.19,0.19,0.22,0.31,0.33,0.4
2026-02-20,360,"cowboy","people",0,0,0,0,0,0.02,0.01,0.04,0.03,0.06
2026-02-20,361,"dame","people",0.06,0.08,0.13,0.23,0.34,0.39,0.48,0.57,0.62,0.72
2026-02-20,362,"doktor","people",0,0.02,0.03,0.03,0.04,0.09,0.11,0.16,0.21,0.32
2026-02-20,363,"farfar","people",0.04,0.06,0.14,0.2,0.22,0.3,0.32,0.37,0.4,0.42
2026-02-20,364,"farmor","people",0.06,0.05,0.11,0.17,0.2,0.28,0.31,0.39,0.41,0.44
2026-02-20,365,"folk","people",0,0,0.01,0.01,0.02,0.03,0.05,0.08,0.09,0.13
2026-02-20,366,"gutt","people",0.07,0.07,0.15,0.19,0.35,0.42,0.46,0.57,0.65,0.73
2026-02-20,367,"helsesøster","people",0,0,0,0.01,0,0.01,0.01,0.02,0.02,0.06
2026-02-20,368,"jente","people",0.06,0.06,0.11,0.14,0.3,0.36,0.39,0.51,0.59,0.66
2026-02-20,369,"klovn","people",0.01,0,0.01,0.01,0.01,0.05,0.06,0.09,0.15,0.17
2026-02-20,370,"lærer","people",0,0,0,0.01,0,0.01,0.02,0.04,0.03,0.05
2026-02-20,371,"mamma/mor","people",0.91,0.89,0.92,0.96,0.97,0.98,0.95,0.97,0.97,0.97
2026-02-20,372,"mann","people",0.09,0.11,0.24,0.29,0.44,0.51,0.59,0.67,0.72,0.8
2026-02-20,373,"mennesker","people",0,0,0,0.01,0,0.02,0.02,0.07,0.08,0.12
2026-02-20,374,"morfar","people",0.06,0.07,0.13,0.24,0.27,0.3,0.32,0.42,0.42,0.46
2026-02-20,375,"mormor","people",0.12,0.21,0.31,0.39,0.46,0.5,0.55,0.6,0.62,0.65
2026-02-20,376,"navn på kjæledyr","people",0.2,0.18,0.2,0.22,0.3,0.36,0.39,0.47,0.45,0.53
2026-02-20,377,"oldefar","people",0.01,0.01,0.02,0.01,0.07,0.1,0.1,0.14,0.17,0.2
2026-02-20,378,"oldemor","people",0,0.03,0.05,0.07,0.12,0.16,0.18,0.26,0.29,0.34
2026-02-20,379,"onkel","people",0.05,0.07,0.18,0.17,0.26,0.38,0.4,0.5,0.59,0.62
2026-02-20,380,"pappa/far","people",0.91,0.85,0.89,0.94,0.95,0.94,0.94,0.96,0.94,0.95
2026-02-20,381,"politi","people",0,0.01,0,0.02,0.04,0.07,0.12,0.19,0.25,0.34
2026-02-20,382,"postbud","people",0,0,0,0.01,0.02,0.04,0.05,0.07,0.1,0.14
2026-02-20,383,"søster","people",0.11,0.1,0.11,0.13,0.15,0.14,0.19,0.21,0.27,0.35
2026-02-20,384,"tante","people",0.18,0.21,0.29,0.3,0.42,0.5,0.53,0.58,0.64,0.71
2026-02-20,385,"venn","people",0.02,0.01,0.02,0.03,0.03,0.07,0.1,0.17,0.18,0.26
2026-02-20,386,"venninne","people",0,0.01,0.01,0.04,0.03,0.03,0.03,0.05,0.07,0.07
2026-02-20,387,"”kommer og tar deg” lek","games_routines",0.17,0.16,0.23,0.27,0.3,0.36,0.4,0.49,0.55,0.61
2026-02-20,388,"bade","games_routines",0.5,0.48,0.59,0.65,0.73,0.79,0.86,0.87,0.91,0.93
2026-02-20,389,"frokost","games_routines",0.06,0.03,0.09,0.09,0.19,0.23,0.28,0.4,0.47,0.54
2026-02-20,390,"gå på do","games_routines",0.06,0.04,0.1,0.16,0.21,0.3,0.38,0.45,0.51,0.61
2026-02-20,391,"god natt","games_routines",0.3,0.33,0.4,0.49,0.58,0.7,0.74,0.78,0.84,0.89
2026-02-20,392,"ha det","games_routines",0.7,0.74,0.81,0.84,0.89,0.94,0.94,0.94,0.97,0.97
2026-02-20,393,"hallo","games_routines",0.32,0.38,0.4,0.47,0.57,0.66,0.69,0.75,0.78,0.8
2026-02-20,394,"handle","games_routines",0.01,0.01,0.02,0.03,0.06,0.1,0.13,0.21,0.25,0.35
2026-02-20,395,"hei","games_routines",0.79,0.83,0.9,0.91,0.94,0.93,0.96,0.96,0.96,0.95
2026-02-20,396,"hysj","games_routines",0.34,0.38,0.46,0.53,0.64,0.71,0.75,0.75,0.8,0.84
2026-02-20,397,"ikke (routine)","games_routines",0.1,0.17,0.24,0.33,0.45,0.51,0.63,0.69,0.78,0.82
2026-02-20,398,"ja","games_routines",0.64,0.65,0.79,0.82,0.9,0.89,0.93,0.92,0.94,0.96
2026-02-20,399,"jo","games_routines",0.12,0.13,0.17,0.21,0.25,0.36,0.39,0.46,0.52,0.59
2026-02-20,400,"klappe kake","games_routines",0.17,0.12,0.24,0.28,0.35,0.38,0.38,0.45,0.52,0.55
2026-02-20,401,"kveldsmat","games_routines",0.01,0.03,0.06,0.04,0.07,0.13,0.16,0.24,0.29,0.36
2026-02-20,402,"Borte! (lek hvor ansikt gjemmes og plutselig vises)","games_routines",0.54,0.52,0.62,0.73,0.75,0.78,0.83,0.83,0.86,0.86
2026-02-20,403,"lunsj","games_routines",0.01,0.03,0.02,0.02,0.04,0.09,0.12,0.16,0.2,0.27
2026-02-20,404,"middag","games_routines",0.06,0.06,0.15,0.14,0.26,0.35,0.43,0.51,0.59,0.67
2026-02-20,405,"nei","games_routines",0.78,0.77,0.87,0.91,0.94,0.95,0.98,0.97,0.99,0.97
2026-02-20,406,"ringe","games_routines",0.07,0.07,0.14,0.19,0.27,0.34,0.39,0.48,0.56,0.64
2026-02-20,407,"snurre rundt","games_routines",0.05,0.05,0.11,0.15,0.16,0.19,0.24,0.31,0.36,0.43
2026-02-20,408,"sovetid","games_routines",0.03,0.03,0.06,0.09,0.09,0.17,0.2,0.23,0.29,0.35
2026-02-20,409,"sååå stor","games_routines",0.26,0.26,0.35,0.36,0.47,0.51,0.54,0.61,0.62,0.7
2026-02-20,410,"takk","games_routines",0.69,0.67,0.76,0.78,0.83,0.88,0.9,0.92,0.93,0.94
2026-02-20,411,"vær så snill","games_routines",0.02,0.01,0.04,0.02,0.06,0.11,0.11,0.19,0.24,0.32
2026-02-20,412,"vent","games_routines",0.02,0.01,0.06,0.05,0.09,0.15,0.23,0.3,0.37,0.48
2026-02-20,413,"vil","games_routines",0.04,0.06,0.1,0.09,0.2,0.28,0.34,0.45,0.55,0.63
2026-02-20,414,"jobbe","action_words",0.02,0.02,0.07,0.08,0.16,0.18,0.28,0.37,0.43,0.53
2026-02-20,415,"bite","action_words",0.04,0.03,0.06,0.1,0.18,0.25,0.33,0.39,0.48,0.58
2026-02-20,416,"blåse","action_words",0.06,0.06,0.15,0.19,0.26,0.35,0.45,0.52,0.58,0.69
2026-02-20,417,"bråke","action_words",0.01,0.01,0.01,0.06,0.09,0.15,0.17,0.24,0.32,0.42
2026-02-20,418,"bygge","action_words",0.02,0.01,0.06,0.09,0.2,0.24,0.31,0.39,0.45,0.56
2026-02-20,419,"bære","action_words",0.05,0.04,0.11,0.12,0.2,0.32,0.37,0.48,0.54,0.61
2026-02-20,420,"danse","action_words",0.05,0.1,0.19,0.26,0.34,0.42,0.54,0.63,0.67,0.74
2026-02-20,421,"dele","action_words",0.01,0.01,0.02,0.04,0.07,0.12,0.2,0.27,0.35,0.45
2026-02-20,422,"drikke (action)","action_words",0.15,0.19,0.26,0.33,0.49,0.59,0.64,0.72,0.78,0.82
2026-02-20,423,"dytte","action_words",0.01,0.03,0.04,0.08,0.13,0.19,0.27,0.36,0.42,0.54
2026-02-20,424,"elske","action_words",0,0.02,0.01,0.02,0.02,0.04,0.05,0.08,0.1,0.15
2026-02-20,425,"fange","action_words",0,0,0.01,0.03,0.04,0.08,0.09,0.12,0.16,0.24
2026-02-20,426,"falle","action_words",0.02,0.06,0.08,0.1,0.15,0.23,0.32,0.4,0.46,0.54
2026-02-20,427,"finne","action_words",0.03,0.01,0.03,0.05,0.12,0.17,0.27,0.39,0.45,0.55
2026-02-20,428,"forte seg","action_words",0.01,0.01,0.01,0.03,0.05,0.08,0.12,0.17,0.21,0.31
2026-02-20,429,"få","action_words",0.08,0.11,0.15,0.23,0.31,0.39,0.5,0.58,0.65,0.72
2026-02-20,430,"gi","action_words",0.01,0.01,0.05,0.03,0.07,0.1,0.14,0.23,0.27,0.35
2026-02-20,431,"gjemme","action_words",0.01,0.03,0.04,0.06,0.09,0.13,0.2,0.28,0.35,0.43
2026-02-20,432,"gjøre seg ferdig","action_words",0,0.01,0.01,0.02,0.02,0.04,0.07,0.13,0.12,0.18
2026-02-20,433,"gli","action_words",0,0.01,0.01,0.03,0.05,0.07,0.12,0.17,0.23,0.26
2026-02-20,434,"gråte","action_words",0.01,0.03,0.04,0.09,0.16,0.21,0.3,0.38,0.47,0.57
2026-02-20,435,"gå","action_words",0.11,0.12,0.15,0.25,0.36,0.43,0.53,0.58,0.7,0.75
2026-02-20,436,"ha","action_words",0.07,0.07,0.11,0.15,0.23,0.3,0.37,0.48,0.53,0.62
2026-02-20,437,"hate","action_words",0,0,0,0,0,0,0,0.01,0.01,0.02
2026-02-20,438,"helle","action_words",0,0,0,0.04,0.04,0.06,0.1,0.16,0.2,0.29
2026-02-20,439,"hente","action_words",0.03,0.03,0.07,0.1,0.17,0.22,0.34,0.45,0.5,0.61
2026-02-20,440,"hjelpe","action_words",0.04,0.06,0.1,0.14,0.25,0.35,0.42,0.54,0.62,0.68
2026-02-20,441,"holde","action_words",0.03,0.04,0.05,0.09,0.14,0.22,0.29,0.39,0.47,0.56
2026-02-20,442,"holde øye med","action_words",0,0,0,0.01,0,0.01,0.01,0.01,0.02,0.02
2026-02-20,443,"hoppe","action_words",0.12,0.11,0.19,0.31,0.43,0.5,0.56,0.68,0.7,0.79
2026-02-20,444,"huske (action)","action_words",0.02,0.06,0.07,0.12,0.2,0.26,0.3,0.39,0.46,0.51
2026-02-20,445,"høre","action_words",0.02,0.02,0.03,0.05,0.12,0.17,0.23,0.32,0.38,0.5
2026-02-20,446,"høre etter","action_words",0.01,0,0.01,0.01,0.01,0.02,0.03,0.06,0.07,0.14
2026-02-20,447,"følge etter","action_words",0.01,0.01,0,0.01,0.01,0.02,0.03,0.04,0.07,0.12
2026-02-20,448,"kaste","action_words",0.06,0.08,0.09,0.18,0.26,0.31,0.43,0.52,0.57,0.64
2026-02-20,449,"kile","action_words",0,0.04,0.06,0.05,0.14,0.17,0.24,0.31,0.36,0.45
2026-02-20,450,"kjøpe","action_words",0,0.01,0.01,0.03,0.06,0.11,0.17,0.24,0.33,0.45
2026-02-20,451,"kjøre","action_words",0.02,0.02,0.05,0.14,0.23,0.28,0.4,0.49,0.59,0.68
2026-02-20,452,"klappe","action_words",0.08,0.09,0.14,0.24,0.33,0.38,0.42,0.51,0.58,0.66
2026-02-20,453,"klatre","action_words",0.03,0.03,0.04,0.05,0.11,0.17,0.22,0.34,0.37,0.48
2026-02-20,454,"klemme","action_words",0.03,0.03,0.06,0.07,0.12,0.17,0.24,0.36,0.4,0.48
2026-02-20,455,"kle på","action_words",0.02,0.02,0.07,0.1,0.17,0.21,0.28,0.38,0.44,0.59
2026-02-20,456,"koste","action_words",0.02,0.02,0.04,0.05,0.09,0.13,0.18,0.25,0.31,0.39
2026-02-20,457,"kysse","action_words",0.01,0.03,0.08,0.12,0.17,0.26,0.26,0.36,0.41,0.48
2026-02-20,458,"lage mat","action_words",0.03,0.02,0.03,0.04,0.09,0.16,0.22,0.31,0.38,0.52
2026-02-20,459,"late som","action_words",0,0,0,0.01,0.01,0.01,0.02,0.05,0.05,0.08
2026-02-20,460,"putte","action_words",0.01,0.02,0.04,0.06,0.08,0.13,0.16,0.25,0.3,0.39
2026-02-20,461,"legge","action_words",0.01,0.03,0.07,0.1,0.14,0.22,0.32,0.41,0.5,0.6
2026-02-20,462,"leke (action)","action_words",0.03,0.05,0.13,0.18,0.25,0.33,0.44,0.54,0.63,0.73
2026-02-20,463,"lese","action_words",0.08,0.09,0.18,0.26,0.37,0.41,0.53,0.62,0.67,0.74
2026-02-20,464,"like","action_words",0.01,0,0.01,0.02,0.03,0.07,0.12,0.19,0.27,0.36
2026-02-20,465,"lukke","action_words",0.03,0.02,0.04,0.06,0.11,0.14,0.24,0.36,0.38,0.49
2026-02-20,466,"løpe","action_words",0.01,0.04,0.06,0.1,0.18,0.22,0.35,0.45,0.51,0.61
2026-02-20,467,"male","action_words",0.03,0,0.04,0.06,0.13,0.2,0.27,0.36,0.43,0.5
2026-02-20,468,"mate","action_words",0,0.02,0.03,0.04,0.06,0.1,0.14,0.19,0.22,0.31
2026-02-20,469,"miste","action_words",0.03,0.03,0.07,0.09,0.16,0.22,0.29,0.4,0.43,0.51
2026-02-20,470,"reparere","action_words",0,0,0.01,0.02,0.03,0.06,0.1,0.14,0.2,0.31
2026-02-20,471,"passe","action_words",0,0.03,0.06,0.05,0.07,0.11,0.2,0.27,0.34,0.42
2026-02-20,472,"plaske","action_words",0.03,0.04,0.04,0.08,0.11,0.15,0.22,0.3,0.32,0.43
2026-02-20,473,"prøve","action_words",0,0,0.01,0.02,0.03,0.08,0.13,0.17,0.25,0.35
2026-02-20,474,"puste","action_words",0,0,0.01,0.01,0.01,0.03,0.07,0.07,0.11,0.15
2026-02-20,475,"ri","action_words",0.01,0.02,0.03,0.03,0.06,0.09,0.1,0.14,0.19,0.26
2026-02-20,476,"riste","action_words",0,0.02,0.01,0.04,0.04,0.08,0.11,0.15,0.19,0.28
2026-02-20,477,"rive av","action_words",0,0,0.01,0.01,0.01,0.03,0.04,0.07,0.11,0.16
2026-02-20,478,"rydde","action_words",0.02,0.04,0.05,0.1,0.2,0.25,0.33,0.42,0.5,0.58
2026-02-20,479,"røre","action_words",0.01,0.01,0.02,0.05,0.09,0.12,0.17,0.25,0.31,0.41
2026-02-20,480,"se","action_words",0.45,0.47,0.55,0.58,0.62,0.68,0.75,0.77,0.81,0.87
2026-02-20,481,"se på","action_words",0.06,0.06,0.07,0.08,0.12,0.2,0.24,0.35,0.41,0.5
2026-02-20,482,"sette","action_words",0.02,0.01,0.03,0.04,0.11,0.11,0.17,0.28,0.3,0.4
2026-02-20,483,"si","action_words",0.04,0.03,0.04,0.04,0.09,0.13,0.18,0.23,0.32,0.42
2026-02-20,484,"sitte","action_words",0.09,0.19,0.28,0.37,0.46,0.52,0.57,0.67,0.72,0.75
2026-02-20,485,"skjære","action_words",0,0.01,0.01,0.02,0.06,0.13,0.18,0.25,0.28,0.39
2026-02-20,486,"skli","action_words",0.05,0.04,0.07,0.1,0.2,0.24,0.33,0.39,0.46,0.54
2026-02-20,487,"skrive","action_words",0,0,0.01,0.02,0.05,0.07,0.11,0.15,0.22,0.3
2026-02-20,488,"skynde seg","action_words",0,0,0,0.01,0.01,0.04,0.07,0.09,0.14,0.22
2026-02-20,489,"slikke","action_words",0,0,0.01,0.01,0.03,0.06,0.07,0.13,0.19,0.26
2026-02-20,490,"slutte","action_words",0,0.01,0.03,0.03,0.07,0.12,0.15,0.24,0.3,0.42
2026-02-20,491,"slå","action_words",0.02,0.02,0.06,0.06,0.14,0.18,0.28,0.35,0.42,0.57
2026-02-20,492,"smake","action_words",0.05,0.05,0.08,0.11,0.19,0.27,0.34,0.43,0.5,0.61
2026-02-20,493,"smile","action_words",0.01,0.02,0.03,0.05,0.08,0.13,0.17,0.25,0.3,0.41
2026-02-20,494,"snakke","action_words",0.01,0,0.03,0.03,0.08,0.14,0.18,0.28,0.35,0.46
2026-02-20,495,"sove","action_words",0.08,0.12,0.2,0.28,0.35,0.49,0.56,0.67,0.73,0.8
2026-02-20,496,"sparke","action_words",0.01,0.01,0.02,0.06,0.09,0.14,0.18,0.28,0.34,0.47
2026-02-20,497,"spille","action_words",0.02,0.01,0.04,0.06,0.08,0.15,0.18,0.25,0.34,0.43
2026-02-20,498,"spise","action_words",0.08,0.12,0.2,0.25,0.36,0.46,0.55,0.66,0.72,0.76
2026-02-20,499,"stikke","action_words",0,0,0,0.01,0.02,0.04,0.04,0.07,0.13,0.18
2026-02-20,500,"stoppe","action_words",0.02,0,0.02,0.04,0.06,0.12,0.15,0.2,0.29,0.42
2026-02-20,501,"stå","action_words",0.04,0.03,0.07,0.09,0.17,0.22,0.32,0.4,0.45,0.54
2026-02-20,502,"synge","action_words",0.02,0.03,0.08,0.12,0.24,0.31,0.42,0.5,0.57,0.66
2026-02-20,503,"svømme","action_words",0,0,0.01,0.04,0.05,0.12,0.14,0.2,0.23,0.32
2026-02-20,504,"søle","action_words",0,0.01,0.04,0.06,0.14,0.21,0.24,0.37,0.38,0.49
2026-02-20,505,"ta","action_words",0.02,0.04,0.07,0.07,0.15,0.2,0.27,0.36,0.43,0.53
2026-02-20,506,"tegne","action_words",0.05,0.07,0.14,0.27,0.35,0.37,0.51,0.63,0.69,0.73
2026-02-20,507,"tenke","action_words",0,0.01,0.01,0.02,0.02,0.03,0.03,0.05,0.08,0.12
2026-02-20,508,"treffe","action_words",0,0,0,0.01,0.01,0.02,0.02,0.06,0.08,0.13
2026-02-20,509,"dra","action_words",0,0,0.02,0.03,0.05,0.08,0.11,0.19,0.24,0.35
2026-02-20,510,"tørke","action_words",0.01,0.04,0.07,0.09,0.17,0.23,0.28,0.42,0.5,0.58
2026-02-20,511,"vaske","action_words",0.04,0.06,0.11,0.2,0.27,0.4,0.48,0.56,0.64,0.7
2026-02-20,512,"vente","action_words",0,0.01,0.03,0.04,0.06,0.1,0.17,0.28,0.32,0.42
2026-02-20,513,"slå seg","action_words",0.01,0.01,0.03,0.05,0.1,0.12,0.18,0.27,0.35,0.45
2026-02-20,514,"vise","action_words",0,0,0.03,0.03,0.05,0.08,0.12,0.21,0.25,0.33
2026-02-20,515,"velte","action_words",0,0,0,0.02,0.02,0.05,0.06,0.1,0.12,0.2
2026-02-20,516,"være glad i","action_words",0.01,0.01,0.03,0.02,0.06,0.07,0.1,0.14,0.19,0.25
2026-02-20,517,"våkne","action_words",0,0.01,0.02,0.01,0.05,0.1,0.17,0.24,0.31,0.41
2026-02-20,518,"ødelegge","action_words",0.01,0.01,0.03,0.03,0.07,0.1,0.19,0.3,0.34,0.45
2026-02-20,519,"ønske","action_words",0,0,0,0.01,0,0.02,0.02,0.04,0.07,0.09
2026-02-20,520,"åpne","action_words",0.06,0.09,0.12,0.19,0.28,0.34,0.43,0.55,0.6,0.66
2026-02-20,521,"bedre","descriptive_words",0,0,0,0.01,0.02,0.06,0.07,0.09,0.13,0.21
2026-02-20,522,"blå","descriptive_words",0.04,0.05,0.04,0.09,0.16,0.22,0.27,0.37,0.43,0.56
2026-02-20,523,"bløt","descriptive_words",0,0.01,0.01,0.02,0.04,0.06,0.08,0.1,0.17,0.21
2026-02-20,524,"borte","descriptive_words",0.24,0.2,0.3,0.43,0.5,0.57,0.64,0.69,0.74,0.81
2026-02-20,525,"bra","descriptive_words",0.02,0.02,0.06,0.06,0.13,0.17,0.23,0.33,0.37,0.45
2026-02-20,526,"bråkete","descriptive_words",0,0,0.01,0.03,0.04,0.09,0.09,0.15,0.2,0.29
2026-02-20,527,"brun","descriptive_words",0.01,0.01,0.01,0.01,0.05,0.04,0.07,0.14,0.16,0.26
2026-02-20,528,"dårlig","descriptive_words",0,0,0,0.01,0.01,0.03,0.04,0.09,0.12,0.15
2026-02-20,529,"ekkelt","descriptive_words",0.02,0.02,0.05,0.06,0.08,0.13,0.16,0.21,0.3,0.35
2026-02-20,530,"fin","descriptive_words",0.04,0.06,0.1,0.14,0.24,0.32,0.4,0.47,0.58,0.64
2026-02-20,531,"forsiktig","descriptive_words",0.03,0.02,0.03,0.06,0.11,0.15,0.2,0.27,0.33,0.42
2026-02-20,532,"først","descriptive_words",0,0.01,0.01,0.02,0.06,0.08,0.12,0.21,0.29,0.36
2026-02-20,533,"fort","descriptive_words",0.01,0.01,0.04,0.07,0.12,0.19,0.24,0.34,0.4,0.49
2026-02-20,534,"frekk","descriptive_words",0,0,0,0,0,0.01,0.01,0.01,0.02,0.03
2026-02-20,535,"full","descriptive_words",0.01,0.01,0.01,0.01,0.03,0.06,0.08,0.16,0.17,0.27
2026-02-20,536,"gammel","descriptive_words",0,0,0.01,0.02,0.04,0.07,0.08,0.14,0.19,0.27
2026-02-20,537,"glad","descriptive_words",0.01,0.02,0.03,0.04,0.08,0.11,0.17,0.22,0.29,0.38
2026-02-20,538,"god","descriptive_words",0.07,0.06,0.08,0.09,0.15,0.21,0.25,0.3,0.41,0.48
2026-02-20,539,"grønn","descriptive_words",0.01,0.01,0.03,0.06,0.1,0.14,0.19,0.29,0.35,0.47
2026-02-20,540,"gul","descriptive_words",0.04,0.02,0.05,0.07,0.13,0.16,0.23,0.31,0.38,0.51
2026-02-20,541,"hard","descriptive_words",0,0.01,0,0.02,0.04,0.06,0.08,0.14,0.19,0.28
2026-02-20,542,"høy","descriptive_words",0,0,0,0.02,0.02,0.06,0.06,0.12,0.15,0.21
2026-02-20,543,"hvit","descriptive_words",0,0.01,0.01,0.01,0.04,0.05,0.08,0.16,0.19,0.3
2026-02-20,544,"kald","descriptive_words",0.03,0.05,0.12,0.16,0.24,0.33,0.43,0.51,0.6,0.68
2026-02-20,545,"klissete","descriptive_words",0,0.01,0.03,0.05,0.06,0.07,0.1,0.16,0.2,0.26
2026-02-20,546,"lang","descriptive_words",0,0.01,0,0.01,0.03,0.04,0.07,0.12,0.16,0.22
2026-02-20,547,"lei seg","descriptive_words",0,0.01,0.03,0.06,0.11,0.16,0.23,0.32,0.39,0.49
2026-02-20,548,"liten","descriptive_words",0.01,0.01,0.03,0.07,0.13,0.16,0.24,0.37,0.41,0.52
2026-02-20,549,"mørkt","descriptive_words",0.02,0.03,0.06,0.09,0.12,0.22,0.26,0.35,0.42,0.51
2026-02-20,550,"ny","descriptive_words",0.01,0.01,0.03,0.05,0.11,0.14,0.18,0.27,0.34,0.45
2026-02-20,551,"ødelagt","descriptive_words",0.02,0.02,0.05,0.09,0.15,0.22,0.32,0.43,0.48,0.62
2026-02-20,552,"oransje","descriptive_words",0.01,0,0,0.03,0.04,0.05,0.08,0.12,0.16,0.26
2026-02-20,553,"pen","descriptive_words",0,0.01,0.01,0.03,0.04,0.05,0.07,0.11,0.12,0.17
2026-02-20,554,"rar","descriptive_words",0,0,0.01,0.02,0.02,0.05,0.06,0.11,0.12,0.2
2026-02-20,555,"redd","descriptive_words",0.01,0,0.01,0.03,0.04,0.07,0.11,0.19,0.27,0.36
2026-02-20,556,"ren","descriptive_words",0,0.01,0.01,0.02,0.04,0.08,0.11,0.17,0.24,0.32
2026-02-20,557,"rød","descriptive_words",0.03,0.02,0.03,0.07,0.11,0.15,0.21,0.31,0.38,0.49
2026-02-20,558,"sen","descriptive_words",0,0,0.01,0.01,0.01,0.01,0.02,0.04,0.04,0.07
2026-02-20,559,"sint","descriptive_words",0,0.01,0.03,0.04,0.1,0.13,0.19,0.27,0.35,0.44
2026-02-20,560,"sist","descriptive_words",0,0,0,0.01,0.01,0.02,0.03,0.05,0.07,0.12
2026-02-20,561,"sitter fast","descriptive_words",0.02,0.02,0.05,0.11,0.17,0.19,0.3,0.38,0.46,0.58
2026-02-20,562,"skitten","descriptive_words",0,0.02,0.06,0.08,0.11,0.16,0.26,0.36,0.4,0.52
2026-02-20,563,"skjønn","descriptive_words",0,0,0.01,0,0,0.01,0.01,0.03,0.03,0.05
2026-02-20,564,"slem","descriptive_words",0,0,0.01,0.02,0.02,0.04,0.06,0.11,0.16,0.24
2026-02-20,565,"snill","descriptive_words",0.01,0.02,0.04,0.1,0.12,0.18,0.23,0.31,0.4,0.5
2026-02-20,566,"søt","descriptive_words",0,0.01,0.02,0.02,0.04,0.07,0.08,0.16,0.17,0.23
2026-02-20,567,"søvnig","descriptive_words",0,0,0.01,0.02,0.01,0.02,0.03,0.05,0.05,0.07
2026-02-20,568,"stakkars","descriptive_words",0.02,0.02,0.04,0.04,0.08,0.11,0.12,0.2,0.25,0.34
2026-02-20,569,"stille","descriptive_words",0.01,0,0.02,0.03,0.06,0.09,0.13,0.19,0.25,0.35
2026-02-20,570,"stor","descriptive_words",0.06,0.07,0.14,0.12,0.25,0.33,0.39,0.49,0.56,0.65
2026-02-20,571,"sulten","descriptive_words",0.01,0.01,0.06,0.06,0.15,0.19,0.27,0.37,0.4,0.52
2026-02-20,572,"sur","descriptive_words",0,0.01,0.01,0.02,0.01,0.04,0.05,0.08,0.09,0.16
2026-02-20,573,"svart","descriptive_words",0,0.01,0.01,0.02,0.04,0.05,0.09,0.16,0.2,0.28
2026-02-20,574,"syk","descriptive_words",0,0.01,0.02,0.03,0.04,0.1,0.17,0.24,0.31,0.4
2026-02-20,575,"tom","descriptive_words",0.08,0.12,0.2,0.19,0.26,0.38,0.37,0.49,0.52,0.6
2026-02-20,576,"tørr","descriptive_words",0,0,0,0.01,0.03,0.06,0.08,0.14,0.16,0.27
2026-02-20,577,"tørst","descriptive_words",0.08,0.16,0.19,0.24,0.35,0.42,0.46,0.55,0.6,0.69
2026-02-20,578,"trøtt","descriptive_words",0.03,0.03,0.06,0.1,0.15,0.22,0.28,0.39,0.42,0.55
2026-02-20,579,"tung","descriptive_words",0,0.01,0.03,0.05,0.08,0.14,0.17,0.27,0.33,0.41
2026-02-20,580,"våken","descriptive_words",0.01,0.01,0.02,0.03,0.07,0.13,0.21,0.28,0.35,0.47
2026-02-20,581,"varm","descriptive_words",0.06,0.05,0.13,0.16,0.25,0.33,0.42,0.52,0.54,0.62
2026-02-20,582,"våt","descriptive_words",0.01,0.03,0.1,0.14,0.21,0.3,0.41,0.51,0.55,0.66
2026-02-20,583,"vondt","descriptive_words",0.02,0.05,0.12,0.15,0.24,0.29,0.4,0.49,0.49,0.63
2026-02-20,584,"dag","time_words",0,0.02,0.02,0.05,0.1,0.1,0.15,0.2,0.28,0.37
2026-02-20,585,"etter","time_words",0,0,0,0.01,0.03,0.03,0.05,0.08,0.12,0.16
2026-02-20,586,"ettermiddag","time_words",0,0,0,0,0,0,0.01,0.01,0.03,0.03
2026-02-20,587,"etterpå","time_words",0,0.02,0.03,0.05,0.07,0.15,0.2,0.3,0.37,0.48
2026-02-20,588,"før","time_words",0,0,0,0.01,0.01,0.02,0.04,0.05,0.11,0.14
2026-02-20,589,"formiddag","time_words",0,0,0,0,0,0,0,0.01,0.01,0.01
2026-02-20,590,"i dag","time_words",0.01,0.01,0,0.01,0.02,0.04,0.05,0.13,0.16,0.23
2026-02-20,591,"i går","time_words",0,0,0,0,0.01,0.01,0.02,0.03,0.08,0.11
2026-02-20,592,"i kveld","time_words",0,0,0,0.01,0.01,0.02,0.03,0.04,0.06,0.09
2026-02-20,593,"i morgen","time_words",0,0.01,0.01,0.01,0.04,0.05,0.07,0.11,0.18,0.27
2026-02-20,594,"kveld","time_words",0,0.01,0,0.02,0.03,0.07,0.07,0.13,0.16,0.23
2026-02-20,595,"morgen","time_words",0,0.01,0.01,0.02,0.02,0.06,0.08,0.13,0.17,0.22
2026-02-20,596,"nå","time_words",0,0.05,0.04,0.05,0.13,0.16,0.21,0.28,0.36,0.43
2026-02-20,597,"natt","time_words",0.04,0.1,0.1,0.12,0.2,0.28,0.34,0.38,0.47,0.55
2026-02-20,598,"senere","time_words",0,0.01,0,0.01,0.02,0.03,0.04,0.09,0.11,0.17
2026-02-20,599,"tid","time_words",0,0,0,0.01,0.01,0,0.01,0.03,0.04,0.05
2026-02-20,600,"de","pronouns",0.01,0.01,0.03,0.02,0.03,0.04,0.05,0.08,0.11,0.14
2026-02-20,601,"deg","pronouns",0.02,0.01,0.03,0.05,0.08,0.09,0.15,0.21,0.27,0.33
2026-02-20,602,"deg selv","pronouns",0,0,0,0,0,0.01,0.01,0.01,0.02,0.04
2026-02-20,603,"dem","pronouns",0,0,0.01,0.01,0.01,0.02,0.02,0.04,0.06,0.08
2026-02-20,604,"den","pronouns",0.2,0.2,0.3,0.35,0.43,0.44,0.5,0.58,0.63,0.68
2026-02-20,605,"denne","pronouns",0.08,0.12,0.1,0.14,0.24,0.25,0.31,0.37,0.44,0.54
2026-02-20,606,"dere","pronouns",0,0,0,0.01,0.01,0.01,0.02,0.04,0.06,0.1
2026-02-20,607,"deres","pronouns",0,0,0,0,0,0,0.01,0.02,0.02,0.04
2026-02-20,608,"det","pronouns",0.07,0.07,0.14,0.13,0.19,0.22,0.25,0.34,0.38,0.46
2026-02-20,609,"dette","pronouns",0.03,0.02,0.01,0.01,0.04,0.06,0.09,0.12,0.15,0.21
2026-02-20,610,"din","pronouns",0.03,0.05,0.05,0.11,0.19,0.22,0.27,0.37,0.43,0.54
2026-02-20,611,"disse","pronouns",0,0.02,0.01,0.01,0.02,0.02,0.03,0.07,0.09,0.11
2026-02-20,612,"du","pronouns",0.06,0.06,0.06,0.07,0.15,0.17,0.19,0.26,0.34,0.43
2026-02-20,613,"ham","pronouns",0,0,0,0.01,0,0,0.01,0.01,0.02,0.02
2026-02-20,614,"han","pronouns",0.01,0.02,0.03,0.02,0.06,0.09,0.1,0.15,0.22,0.33
2026-02-20,615,"hans","pronouns",0,0,0.01,0.01,0.01,0.01,0.03,0.04,0.05,0.11
2026-02-20,616,"henne","pronouns",0,0,0.01,0.01,0.01,0.02,0.02,0.02,0.04,0.09
2026-02-20,617,"hennes","pronouns",0,0,0.01,0.01,0.01,0.01,0.02,0.04,0.04,0.08
2026-02-20,618,"hun","pronouns",0,0,0.01,0.02,0.02,0.03,0.05,0.1,0.13,0.2
2026-02-20,619,"hverandre","pronouns",0,0,0,0.01,0,0,0.01,0.01,0.02,0.03
2026-02-20,620,"jeg","pronouns",0.04,0.05,0.08,0.11,0.19,0.26,0.32,0.43,0.51,0.61
2026-02-20,621,"man","pronouns",0.01,0,0.01,0.01,0.01,0.01,0.02,0.03,0.03,0.04
2026-02-20,622,"meg","pronouns",0.07,0.04,0.06,0.1,0.18,0.21,0.28,0.34,0.4,0.47
2026-02-20,623,"meg selv","pronouns",0,0.01,0.01,0.01,0.01,0.02,0.05,0.06,0.07,0.09
2026-02-20,624,"min","pronouns",0.26,0.25,0.32,0.52,0.61,0.64,0.74,0.78,0.83,0.84
2026-02-20,625,"oss","pronouns",0.01,0.01,0.01,0,0.01,0.02,0.04,0.07,0.07,0.13
2026-02-20,626,"seg","pronouns",0,0,0.01,0.01,0.03,0.04,0.07,0.11,0.15,0.2
2026-02-20,627,"seg selv","pronouns",0,0.01,0,0,0,0,0.02,0.02,0.04,0.05
2026-02-20,628,"sin","pronouns",0.02,0.03,0.05,0.11,0.19,0.23,0.31,0.43,0.46,0.56
2026-02-20,629,"vår","pronouns",0,0,0.01,0.01,0.01,0.02,0.04,0.07,0.09,0.16
2026-02-20,630,"vi","pronouns",0,0.01,0,0.01,0.02,0.04,0.07,0.13,0.12,0.2
2026-02-20,631,"hva","question_words",0.07,0.06,0.11,0.1,0.13,0.16,0.19,0.25,0.3,0.37
2026-02-20,632,"hvem","question_words",0,0.01,0.01,0.01,0.02,0.03,0.06,0.11,0.14,0.2
2026-02-20,633,"hvilken","question_words",0,0.01,0,0.01,0,0,0.01,0.02,0.02,0.04
2026-02-20,634,"hvor","question_words",0.03,0.03,0.04,0.07,0.08,0.15,0.19,0.26,0.3,0.39
2026-02-20,635,"hvordan","question_words",0,0,0,0.01,0,0,0.01,0.01,0.02,0.02
2026-02-20,636,"hvorfor","question_words",0,0.01,0,0.01,0.01,0.01,0.03,0.04,0.05,0.07
2026-02-20,637,"når","question_words",0,0,0,0.01,0,0.01,0.01,0.03,0.05,0.06
2026-02-20,638,"av","locations",0.01,0.03,0.05,0.04,0.08,0.12,0.16,0.22,0.25,0.33
2026-02-20,639,"bak","locations",0.01,0.03,0.04,0.05,0.09,0.13,0.18,0.29,0.36,0.44
2026-02-20,640,"bort","locations",0.02,0.04,0.07,0.05,0.12,0.17,0.2,0.25,0.26,0.39
2026-02-20,641,"borte","locations",0.16,0.23,0.31,0.36,0.48,0.53,0.58,0.65,0.72,0.75
2026-02-20,642,"der","locations",0.39,0.48,0.54,0.55,0.62,0.7,0.7,0.76,0.78,0.8
2026-02-20,643,"for","locations",0,0,0,0.02,0,0.02,0.03,0.05,0.06,0.08
2026-02-20,644,"foran","locations",0,0.01,0,0.01,0.02,0.04,0.05,0.11,0.13,0.2
2026-02-20,645,"fra","locations",0,0,0,0.01,0.01,0.03,0.04,0.06,0.1,0.16
2026-02-20,646,"frem","locations",0,0,0,0.01,0.01,0.01,0.03,0.07,0.08,0.11
2026-02-20,647,"gjennom","locations",0,0,0.01,0.02,0.02,0.04,0.06,0.09,0.13,0.18
2026-02-20,648,"her","locations",0.02,0.06,0.1,0.17,0.23,0.3,0.33,0.45,0.51,0.6
2026-02-20,649,"hit","locations",0.01,0.01,0.03,0.05,0.09,0.12,0.15,0.22,0.26,0.36
2026-02-20,650,"hjem","locations",0.06,0.06,0.1,0.12,0.23,0.29,0.38,0.49,0.55,0.64
2026-02-20,651,"hjemme","locations",0,0.03,0.05,0.06,0.14,0.19,0.26,0.35,0.4,0.52
2026-02-20,652,"hos","locations",0,0,0.01,0.02,0.01,0.03,0.04,0.08,0.11,0.19
2026-02-20,653,"i","locations",0.02,0.04,0.04,0.06,0.09,0.13,0.19,0.29,0.33,0.44
2026-02-20,654,"i stedet for","locations",0,0,0,0,0,0.01,0,0.01,0.01,0.02
2026-02-20,655,"inn","locations",0.08,0.1,0.13,0.14,0.24,0.36,0.4,0.47,0.55,0.64
2026-02-20,656,"inne","locations",0.02,0.07,0.06,0.08,0.15,0.23,0.26,0.39,0.46,0.52
2026-02-20,657,"inni","locations",0.02,0.06,0.06,0.1,0.14,0.19,0.24,0.32,0.39,0.47
2026-02-20,658,"med","locations",0.02,0.01,0.02,0.02,0.03,0.06,0.1,0.16,0.19,0.27
2026-02-20,659,"mot","locations",0,0,0,0,0.01,0.01,0.02,0.03,0.05,0.06
2026-02-20,660,"ned","locations",0.07,0.11,0.16,0.19,0.29,0.39,0.41,0.48,0.55,0.61
2026-02-20,661,"nede","locations",0.02,0.01,0,0.04,0.05,0.14,0.16,0.23,0.3,0.38
2026-02-20,662,"nedi","locations",0.01,0.02,0.01,0.03,0.04,0.05,0.08,0.14,0.13,0.23
2026-02-20,663,"om","locations",0,0,0.01,0.01,0.01,0.01,0.02,0.03,0.05,0.07
2026-02-20,664,"opp","locations",0.16,0.22,0.29,0.34,0.44,0.52,0.59,0.62,0.64,0.75
2026-02-20,665,"oppå","locations",0.05,0.06,0.06,0.08,0.11,0.17,0.21,0.31,0.33,0.45
2026-02-20,666,"oppe","locations",0.04,0.03,0.04,0.1,0.12,0.22,0.24,0.32,0.37,0.46
2026-02-20,667,"oppi","locations",0.06,0.06,0.09,0.1,0.14,0.21,0.21,0.3,0.36,0.41
2026-02-20,668,"over","locations",0,0.01,0.01,0.01,0.01,0.03,0.06,0.09,0.11,0.21
2026-02-20,669,"på","locations",0.03,0.04,0.07,0.06,0.15,0.21,0.25,0.34,0.41,0.52
2026-02-20,670,"til","locations",0,0,0.02,0.03,0.06,0.08,0.1,0.16,0.22,0.31
2026-02-20,671,"tilbake","locations",0.01,0,0,0.01,0.01,0.02,0.05,0.09,0.11,0.16
2026-02-20,672,"under","locations",0,0.01,0.02,0.03,0.05,0.1,0.13,0.22,0.29,0.36
2026-02-20,673,"ut","locations",0.15,0.21,0.27,0.28,0.47,0.56,0.62,0.68,0.72,0.79
2026-02-20,674,"ute (location)","locations",0.06,0.07,0.11,0.14,0.27,0.35,0.4,0.51,0.58,0.68
2026-02-20,675,"utenfor","locations",0,0,0,0,0,0,0.02,0.02,0.03,0.06
2026-02-20,676,"utenpå","locations",0,0,0,0,0,0.01,0.01,0.02,0.04,0.05
2026-02-20,677,"ved siden av","locations",0,0.01,0,0.01,0.02,0.02,0.04,0.07,0.09,0.12
2026-02-20,678,"vekk","locations",0.01,0.03,0.07,0.09,0.11,0.19,0.21,0.31,0.32,0.44
2026-02-20,679,"alle","quantifiers",0,0.02,0.04,0.06,0.09,0.15,0.2,0.29,0.36,0.46
2026-02-20,680,"alt","quantifiers",0.01,0.02,0.03,0.01,0.03,0.06,0.07,0.11,0.16,0.24
2026-02-20,681,"andre","quantifiers",0,0,0,0.02,0.02,0.03,0.06,0.09,0.11,0.16
2026-02-20,682,"den","quantifiers",0.22,0.28,0.33,0.39,0.49,0.53,0.56,0.67,0.68,0.74
2026-02-20,683,"det","quantifiers",0.06,0.08,0.13,0.11,0.16,0.19,0.24,0.32,0.33,0.42
2026-02-20,684,"ei","quantifiers",0,0.01,0.01,0.01,0.01,0.01,0.03,0.03,0.06,0.07
2026-02-20,685,"en","quantifiers",0.02,0.04,0.05,0.04,0.08,0.12,0.15,0.22,0.29,0.36
2026-02-20,686,"en annen","quantifiers",0,0,0.01,0.02,0.03,0.06,0.06,0.12,0.15,0.22
2026-02-20,687,"et","quantifiers",0,0,0.01,0.01,0.02,0.03,0.05,0.07,0.12,0.16
2026-02-20,688,"hver","quantifiers",0,0,0,0.01,0.01,0,0.01,0.03,0.04,0.07
2026-02-20,689,"hvert","quantifiers",0,0,0,0,0,0,0.01,0,0.01,0.02
2026-02-20,690,"ikke (amount)","quantifiers",0.06,0.12,0.15,0.26,0.35,0.41,0.51,0.6,0.63,0.74
2026-02-20,691,"ingen","quantifiers",0.01,0.02,0.02,0.03,0.06,0.08,0.14,0.18,0.26,0.35
2026-02-20,692,"ingenting","quantifiers",0.01,0.02,0.02,0.03,0.04,0.07,0.12,0.18,0.25,0.35
2026-02-20,693,"litt","quantifiers",0.01,0.02,0.03,0.04,0.08,0.11,0.17,0.27,0.32,0.44
2026-02-20,694,"mange","quantifiers",0.01,0.02,0.03,0.05,0.14,0.17,0.23,0.33,0.39,0.48
2026-02-20,695,"mer","quantifiers",0.33,0.27,0.32,0.38,0.51,0.56,0.61,0.66,0.66,0.71
2026-02-20,696,"mye","quantifiers",0,0.01,0.02,0.04,0.08,0.12,0.19,0.28,0.36,0.44
2026-02-20,697,"noe","quantifiers",0,0,0,0.01,0.01,0.01,0.02,0.05,0.07,0.11
2026-02-20,698,"noen","quantifiers",0,0,0,0.01,0.01,0.01,0.02,0.05,0.06,0.11
2026-02-20,699,"også","quantifiers",0.01,0,0,0.02,0.04,0.08,0.1,0.15,0.18,0.25
2026-02-20,700,"samme","quantifiers",0,0,0.01,0.02,0.03,0.07,0.07,0.14,0.14,0.22
2026-02-20,701,"bli","helping_verbs",0,0.02,0.02,0.02,0.04,0.06,0.1,0.16,0.17,0.24
2026-02-20,702,"bør","helping_verbs",0,0,0,0,0,0,0,0,0.01,0.01
2026-02-20,703,"burde","helping_verbs",0,0,0,0,0,0,0,0,0.01,0
2026-02-20,704,"er","helping_verbs",0,0.02,0.03,0.03,0.06,0.11,0.14,0.2,0.29,0.37
2026-02-20,705,"få","helping_verbs",0.07,0.07,0.11,0.15,0.29,0.32,0.38,0.44,0.51,0.6
2026-02-20,706,"gjør","helping_verbs",0,0,0,0.01,0.04,0.06,0.09,0.14,0.18,0.27
2026-02-20,707,"gjorde","helping_verbs",0,0,0.01,0,0.01,0.01,0.03,0.07,0.07,0.11
2026-02-20,708,"gjøre","helping_verbs",0,0,0.01,0.02,0.04,0.05,0.12,0.17,0.18,0.27
2026-02-20,709,"ha","helping_verbs",0.1,0.08,0.1,0.11,0.23,0.3,0.35,0.46,0.53,0.61
2026-02-20,710,"hadde","helping_verbs",0,0,0,0.01,0.02,0.02,0.04,0.1,0.11,0.14
2026-02-20,711,"har","helping_verbs",0,0,0.01,0.02,0.04,0.07,0.1,0.16,0.22,0.31
2026-02-20,712,"kan","helping_verbs",0,0,0.01,0.02,0.05,0.08,0.12,0.18,0.24,0.33
2026-02-20,713,"kunne","helping_verbs",0,0,0,0,0,0.01,0.01,0.02,0.02,0.04
2026-02-20,714,"la","helping_verbs",0,0.01,0.02,0.01,0.01,0.01,0.03,0.06,0.07,0.11
2026-02-20,715,"må","helping_verbs",0,0,0.01,0.02,0.03,0.04,0.1,0.16,0.19,0.27
2026-02-20,716,"måtte","helping_verbs",0,0,0,0,0.01,0,0.01,0.01,0.04,0.06
2026-02-20,717,"skal","helping_verbs",0,0.01,0.01,0.03,0.05,0.06,0.11,0.15,0.22,0.3
2026-02-20,718,"skulle","helping_verbs",0,0,0,0,0.01,0,0,0.01,0.03,0.03
2026-02-20,719,"være","helping_verbs",0,0,0,0.01,0.02,0.03,0.06,0.13,0.16,0.24
2026-02-20,720,"var","helping_verbs",0,0,0,0.01,0.01,0,0.03,0.04,0.06,0.09
2026-02-20,721,"vil","helping_verbs",0,0.04,0.04,0.05,0.1,0.16,0.23,0.35,0.4,0.48
2026-02-20,722,"ville","helping_verbs",0,0,0,0,0.01,0.01,0.03,0.05,0.05,0.09
2026-02-20,723,"at","connecting_words",0,0,0,0.01,0.01,0.01,0.01,0.05,0.07,0.09
2026-02-20,724,"eller","connecting_words",0,0,0,0.01,0,0.01,0.03,0.06,0.08,0.12
2026-02-20,725,"for","connecting_words",0,0,0.01,0.01,0,0.01,0.01,0.04,0.03,0.08
2026-02-20,726,"fordi","connecting_words",0,0,0,0.01,0.01,0,0,0.01,0.02,0.04
2026-02-20,727,"hvis","connecting_words",0,0,0,0.01,0,0,0,0.01,0.01,0.02
2026-02-20,728,"men","connecting_words",0,0.01,0.01,0.01,0.01,0,0.02,0.03,0.04,0.07
2026-02-20,729,"og","connecting_words",0.02,0.01,0.02,0.04,0.07,0.13,0.17,0.28,0.31,0.45
2026-02-20,730,"så","connecting_words",0,0,0.01,0.02,0.01,0.04,0.05,0.09,0.09,0.15
2026-02-20,731,"som","connecting_words",0,0,0,0.01,0.01,0,0.02,0.03,0.06,0.08
